Path,File,E_Tot,E_Ref,E_Corr,E_SS,E_OS
./opt-HBIL-structures/srs-mp2-DMEA/,DMEA-mSO3-p1-opt-frag1.out,[H],-661.8561181650643448,-1.0890657096096266,-0.2848836308354716,-0.8041820787741067
./opt-HBIL-structures/srs-mp2-DMEA/,DMEA-mSO3-p1-opt-all.out,[H],-874.7890489141124135,-2.0293169150613397,-0.4948691208763628,-1.5344477941839711
./opt-HBIL-structures/srs-mp2-DMEA/,DMEA-mSO3-p1-opt-frag0.out,[H],-212.7614210898904901,-0.9223439829025504,-0.2011004284566893,-0.7212435544455483
./opt-HBIL-structures/srs-mp2-DMEA/,DMEA-Cl-p1-opt-frag1.out,[H],-459.5646668064196092,-0.1969193331896240,-0.0493668449821805,-0.1475524882074435
./opt-HBIL-structures/srs-mp2-DMEA/,DMEA-NO3-p1-opt-all.out,[H],-491.9573107054279717,-1.8635738987513386,-0.4610670973997968,-1.4025068013505053
./opt-HBIL-structures/srs-mp2-DMEA/,DMEA-mOSO3-p1-opt-all.out,[H],-949.6765309177943664,-2.2595160900526063,-0.5567111940359730,-1.7028048960131685
./opt-HBIL-structures/srs-mp2-DMEA/,DMEA-CF3SO3-p1-opt-frag0.out,[H],-212.7640345452535371,-0.9214989677189628,-0.2008280029518375,-0.7206709647668222
./opt-HBIL-structures/srs-mp2-DMEA/,DMEA-mOSO3-p1-opt-frag0.out,[H],-212.7632973065755380,-0.9218680452714662,-0.2009658729693233,-0.7209021723018261
./opt-HBIL-structures/srs-mp2-DMEA/,DMEA-NO3-p1-opt-frag0.out,[H],-212.7614706106213589,-0.9222980230419073,-0.2010987811400692,-0.7211992419015067
./opt-HBIL-structures/srs-mp2-DMEA/,DMEA-NO3-p1-opt-frag1.out,[H],-279.0259510801063243,-0.9201703805574202,-0.2505064071348445,-0.6696639734221146
./opt-HBIL-structures/srs-mp2-DMEA/,DMEA-CF3SO3-p1-opt-frag1.out,[H],-958.5556692903063549,-1.8075049679412674,-0.4892618812689575,-1.3182430866721573
./opt-HBIL-structures/srs-mp2-DMEA/,DMEA-Cl-p1-opt-frag0.out,[H],-212.7615951390867224,-0.9222262401248339,-0.2010929530510880,-0.7211332870734390
./opt-HBIL-structures/srs-mp2-DMEA/,DMEA-TFA-p1-opt-all.out,[H],-736.9698592034806097,-2.4670292241928125,-0.6202761600724316,-1.8467530641139980
./opt-HBIL-structures/srs-mp2-DMEA/,DMEA-TFA-p1-opt-frag0.out,[H],-212.7607818443973997,-0.9227007317517573,-0.2012457567401218,-0.7214549750113174
./opt-HBIL-structures/srs-mp2-DMEA/,DMEA-Cl-p1-opt-all.out,[H],-672.5026420110646086,-1.1366647995315751,-0.2584104905884854,-0.8782543089415695
./opt-HBIL-structures/srs-mp2-DMEA/,DMEA-CF3SO3-p1-opt-all.out,[H],-1171.4668554154848152,-2.7456763345106818,-0.6979275304976931,-2.0477488040110501
./opt-HBIL-structures/srs-mp2-DMEA/,DMEA-mOSO3-p1-opt-frag1.out,[H],-736.7498192716723224,-1.3210985108674436,-0.3476733670165422,-0.9734251438506817
./opt-HBIL-structures/srs-mp2-DMEA/,DMEA-TFA-p1-opt-frag1.out,[H],-524.0339756664309334,-1.5255031505719350,-0.4098780227406112,-1.1156251278308318
./opt-HBIL-structures/srs-mp2-EtMeNH2/,EtMeNH2-mOSO3-p1-opt-all.out,[H],-910.6345002024319228,-2.0846619795403885,-0.5175909860680117,-1.5670709934721021
./opt-HBIL-structures/srs-mp2-EtMeNH2/,EtMeNH2-mSO3-p1-opt-all.out,[H],-835.7520161082400136,-1.8497646816978479,-0.4537736020586324,-1.3959910796382327
./opt-HBIL-structures/srs-mp2-EtMeNH2/,EtMeNH2-mSO3-p1-opt-frag0.out,[H],-173.7171860291874168,-0.7450719408156062,-0.1611909196785773,-0.5838810211368634
./opt-HBIL-structures/srs-mp2-EtMeNH2/,EtMeNH2-CF3SO3-p1-opt-all.out,[H],-1132.4295652001255803,-2.5699950174774178,-0.6583847988187883,-1.9116102186564268
./opt-HBIL-structures/srs-mp2-EtMeNH2/,EtMeNH2-Cl-p1-opt-all.out,[H],-633.4599977562907043,-0.9585878712606254,-0.2179047346514514,-0.7406831366077951
./opt-HBIL-structures/srs-mp2-EtMeNH2/,EtMeNH2-CF3SO3-p1-opt-frag0.out,[H],-173.7189146830671973,-0.7446545085454204,-0.1610400521646845,-0.5836144563805468
./opt-HBIL-structures/srs-mp2-EtMeNH2/,EtMeNH2-CF3SO3-p1-opt-frag1.out,[H],-958.5549817580197214,-1.8078749693694558,-0.4893475330199512,-1.3185274363493487
./opt-HBIL-structures/srs-mp2-EtMeNH2/,EtMeNH2-Cl-p1-opt-frag0.out,[H],-173.7160360594821498,-0.7455579337631644,-0.1613049034197735,-0.5842530303431592
./opt-HBIL-structures/srs-mp2-EtMeNH2/,EtMeNH2-TFA-p1-opt-frag0.out,[H],-173.7140499952601260,-0.7460733502800340,-0.1614776104362911,-0.5845957398435365
./opt-HBIL-structures/srs-mp2-EtMeNH2/,EtMeNH2-TFA-p1-opt-frag1.out,[H],-524.0338530178676137,-1.5255900107835054,-0.4098966288469064,-1.1156933819360808
./opt-HBIL-structures/srs-mp2-EtMeNH2/,EtMeNH2-mOSO3-p1-opt-frag0.out,[H],-173.7183261165277770,-0.7448463854505154,-0.1611094537169892,-0.5837369317333174
./opt-HBIL-structures/srs-mp2-EtMeNH2/,EtMeNH2-mOSO3-p1-opt-frag1.out,[H],-736.7498484775856014,-1.3214992442929099,-0.3477752960993496,-0.9737239481933323
./opt-HBIL-structures/srs-mp2-EtMeNH2/,EtMeNH2-Cl-p1-opt-frag1.out,[H],-459.5646668064171081,-0.1969193331896178,-0.0493668449821789,-0.1475524882074389
./opt-HBIL-structures/srs-mp2-EtMeNH2/,EtMeNH2-NO3-p1-opt-frag0.out,[H],-173.7158245293758796,-0.7455318747379973,-0.1612907543925490,-0.5842411203452476
./opt-HBIL-structures/srs-mp2-EtMeNH2/,EtMeNH2-NO3-p1-opt-frag1.out,[H],-279.0259101174545435,-0.9202439352053818,-0.2505240179843755,-0.6697199172205409
./opt-HBIL-structures/srs-mp2-EtMeNH2/,EtMeNH2-mSO3-p1-opt-frag1.out,[H],-661.8561501220560785,-1.0890921851219819,-0.2849058639770818,-0.8041863211448403
./opt-HBIL-structures/srs-mp2-EtMeNH2/,EtMeNH2-TFA-p1-opt-all.out,[H],-697.9282275468118542,-2.2882518364400153,-0.5793624511014249,-1.7088893853323130
./opt-HBIL-structures/srs-mp2-EtMeNH2/,EtMeNH2-NO3-p1-opt-all.out,[H],-452.9165750141150397,-1.6848677647160770,-0.4202089752643960,-1.2646587894508952
./opt-HBIL-structures/srs-mp2-EtNH3/,EtNH3-mSO3-p1-opt-frag0.out,[H],-134.6688954565442202,-0.5722843069271121,-0.1232357230531419,-0.4490485838739376
./opt-HBIL-structures/srs-mp2-EtNH3/,EtNH3-mSO3-p1-opt-frag1.out,[H],-661.8564085561545198,-1.0892350296835966,-0.2849319647391095,-0.8043030649444286
./opt-HBIL-structures/srs-mp2-EtNH3/,EtNH3-Cl-p1-opt-frag1.out,[H],-459.5646668064171649,-0.1969193331896175,-0.0493668449821789,-0.1475524882074386
./opt-HBIL-structures/srs-mp2-EtNH3/,EtNH3-mOSO3-p1-opt-frag0.out,[H],-134.6698613609956396,-0.5719826472060919,-0.1230775174974468,-0.4489051297086157
./opt-HBIL-structures/srs-mp2-EtNH3/,EtNH3-mOSO3-p1-opt-all.out,[H],-871.5913264573719061,-1.9115905192092122,-0.4794541657569235,-1.4321363534520311
./opt-HBIL-structures/srs-mp2-EtNH3/,EtNH3-CF3SO3-p1-opt-frag1.out,[H],-958.5553006663009228,-1.8076829329208151,-0.4893071919126268,-1.3183757410080323
./opt-HBIL-structures/srs-mp2-EtNH3/,EtNH3-Cl-p1-opt-all.out,[H],-594.4174613385132488,-0.7849382530976617,-0.1795068374112955,-0.6054314156848566
./opt-HBIL-structures/srs-mp2-EtNH3/,EtNH3-CF3SO3-p1-opt-all.out,[H],-1093.3880254403611616,-2.3955314732383020,-0.6198440014327385,-1.7756874718053970
./opt-HBIL-structures/srs-mp2-EtNH3/,EtNH3-Cl-p1-opt-frag0.out,[H],-134.6681394816732222,-0.5724784366908621,-0.1232050063806651,-0.4492734303101719
./opt-HBIL-structures/srs-mp2-EtNH3/,EtNH3-mOSO3-p1-opt-frag1.out,[H],-736.7499899170901472,-1.3213173446859636,-0.3477256549711326,-0.9735916897146056
./opt-HBIL-structures/srs-mp2-EtNH3/,EtNH3-mSO3-p1-opt-all.out,[H],-796.7069340450525488,-1.6778957690331551,-0.4161895883243018,-1.2617061807077870
./opt-HBIL-structures/srs-mp2-EtNH3/,EtNH3-CF3SO3-p1-opt-frag0.out,[H],-134.6707138462834052,-0.5717874033282067,-0.1230627318293398,-0.4487246714988358
./opt-HBIL-structures/srs-mp2-EtNH3/,EtNH3-NO3-p1-opt-all.out,[H],-413.8735681050585526,-1.5125160322812816,-0.3823298220021232,-1.1301862102785500
./opt-HBIL-structures/srs-mp2-EtNH3/,EtNH3-NO3-p1-opt-frag0.out,[H],-134.6675183274826395,-0.5726360987853486,-0.1232826713169990,-0.4493534274683169
./opt-HBIL-structures/srs-mp2-EtNH3/,EtNH3-NO3-p1-opt-frag1.out,[H],-279.0257193933701956,-0.9202988555576819,-0.2505326613604872,-0.6697661941967437
./opt-HBIL-structures/srs-mp2-EtNH3/,EtNH3-TFA-p1-opt-all.out,[H],-658.8863986277879121,-2.1138476872674179,-0.5405496367318879,-1.5732980505303624
./opt-HBIL-structures/srs-mp2-EtNH3/,EtNH3-TFA-p1-opt-frag0.out,[H],-134.6630800273321711,-0.5732692931252840,-0.1233750653174755,-0.4498942278077788
./opt-HBIL-structures/srs-mp2-EtNH3/,EtNH3-TFA-p1-opt-frag1.out,[H],-524.0336001045563989,-1.5255455599118497,-0.4098899643296220,-1.1156555955817333
./opt-HBIL-structures/srs-mp2-mim/,mim-Cl-p1-opt-all.out,[H],-724.0480719136186281,-1.2578592875396775,-0.3155627324524615,-0.9422965550870631
./opt-HBIL-structures/srs-mp2-mim/,mim-CF3SO3-p2-opt-frag0.out,[H],-264.3236085993524966,-1.0454509968850179,-0.2591112034845098,-0.7863397934001956
./opt-HBIL-structures/srs-mp2-mim/,mim-CF3SO3-p1-opt-all.out,[H],-1223.0120409214298434,-2.8646373409195292,-0.7539070164623665,-2.1107303244564442
./opt-HBIL-structures/srs-mp2-mim/,mim-CF3SO3-p1-opt-frag1.out,[H],-958.5565967039532325,-1.8077075544862073,-0.4892637464263723,-1.3184438080596939
./opt-HBIL-structures/srs-mp2-mim/,mim-CF3SO3-p2-opt-all.out,[H],-1223.0270501864374637,-2.8651498365718671,-0.7545193257386060,-2.1106305108325887
./opt-HBIL-structures/srs-mp2-mim/,mim-CF3SO3-p1-opt-frag0.out,[H],-264.3260854437347689,-1.0444490649079665,-0.2588391768677304,-0.7856098880398978
./opt-HBIL-structures/srs-mp2-mim/,mim-CF3SO3-p2-opt-frag1.out,[H],-958.5555535421449349,-1.8075150418418129,-0.4892566929890842,-1.3182583488525714
./opt-HBIL-structures/srs-mp2-mim/,mim-Cl-p2-opt-all.out,[H],-724.0387607070592821,-1.2490011141633304,-0.3118728617273453,-0.9371282524356150
./opt-HBIL-structures/srs-mp2-mim/,mim-Cl-p2-opt-frag0.out,[H],-264.3255331304701485,-1.0447611382913415,-0.2589022450979534,-0.7858588931930501
./opt-HBIL-structures/srs-mp2-mim/,mim-mSO3-p1-opt-all.out,[H],-926.3452615334006168,-2.1476428277117794,-0.5509471552122459,-1.5966956724986288
./opt-HBIL-structures/srs-mp2-mim/,mim-Cl-p2-opt-frag1.out,[H],-459.5646668064169944,-0.1969193331896150,-0.0493668449821779,-0.1475524882074370
./opt-HBIL-structures/srs-mp2-mim/,mim-mOSO3-p1-opt-frag0.out,[H],-264.3258932703326991,-1.0445606398521223,-0.2588519587408620,-0.7857086811109190
./opt-HBIL-structures/srs-mp2-mim/,mim-mOSO3-p1-opt-all.out,[H],-1001.2100374466725725,-2.3792341784999977,-0.6129544041134329,-1.7662797743861554
./opt-HBIL-structures/srs-mp2-mim/,mim-mOSO3-p1-opt-frag1.out,[H],-736.7510221012344118,-1.3219327501502653,-0.3479045814862756,-0.9740281686637586
./opt-HBIL-structures/srs-mp2-mim/,mim-mSO3-p1-opt-frag0.out,[H],-264.3191983859071001,-1.0465441757264629,-0.2594165424886460,-0.7871276332375163
./opt-HBIL-structures/srs-mp2-mim/,mim-mSO3-p1-opt-frag1.out,[H],-661.8563434164470891,-1.0889088874154886,-0.2848507613378370,-0.8040581260776016
./opt-HBIL-structures/srs-mp2-mim/,mim-mSO3-p2-opt-all.out,[H],-926.3328142275047412,-2.1443231110128127,-0.5490623042078033,-1.5952608068036824
./opt-HBIL-structures/srs-mp2-mim/,mim-Cl-p1-opt-frag0.out,[H],-264.3197254952091271,-1.0465551293519701,-0.2594796164145752,-0.7870755129370713
./opt-HBIL-structures/srs-mp2-mim/,mim-Cl-p1-opt-frag1.out,[H],-459.5646668064234177,-0.1969193331896215,-0.0493668449821803,-0.1475524882074412
./opt-HBIL-structures/srs-mp2-mim/,mim-mSO3-p2-opt-frag0.out,[H],-264.3260781002623503,-1.0444036930878038,-0.2587933063591741,-0.7856103867282994
./opt-HBIL-structures/srs-mp2-mim/,mim-mSO3-p2-opt-frag1.out,[H],-661.8579573820754831,-1.0888271800039806,-0.2848044389718425,-0.8040227410320843
./opt-HBIL-structures/srs-mp2-mim/,mim-NO3-p1-opt-frag0.out,[H],-264.3172023115444631,-1.0471306509255585,-0.2596301510886312,-0.7875004998366151
./opt-HBIL-structures/srs-mp2-mim/,mim-NO3-p1-opt-all.out,[H],-543.5105271395121918,-1.9840794787547584,-0.5179999335948594,-1.4660795451582460
./opt-HBIL-structures/srs-mp2-mim/,mim-NO3-p2-opt-frag0.out,[H],-264.3264184099667773,-1.0441101221839633,-0.2587440904713357,-0.7853660317122859
./opt-HBIL-structures/srs-mp2-mim/,mim-NO3-p2-opt-frag1.out,[H],-279.0268268782106134,-0.9205829465558608,-0.2506355129990733,-0.6699474335567712
./opt-HBIL-structures/srs-mp2-mim/,mim-NO3-p1-opt-frag1.out,[H],-279.0259504254124749,-0.9199954043383232,-0.2504610118342269,-0.6695343925036736
./opt-HBIL-structures/srs-mp2-mim/,mim-TFA-p1-opt-all.out,[H],-788.5066868390548507,-2.5772541291138631,-0.6724944587311613,-1.9047596703769358
./opt-HBIL-structures/srs-mp2-mim/,mim-NO3-p2-opt-all.out,[H],-543.4878018203370402,-1.9846619705123865,-0.5180900141852776,-1.4665719563260469
./opt-HBIL-structures/srs-mp2-mim/,mim-TFA-p1-opt-frag1.out,[H],-524.0354350624922972,-1.5253777441197636,-0.4097951684949799,-1.1155825756238098
./opt-HBIL-structures/srs-mp2-mim/,mim-TFA-p2-opt-all.out,[H],-788.4648273810304318,-2.5768329984262244,-0.6718238442200588,-1.9050091541999006
./opt-HBIL-structures/srs-mp2-mim/,mim-TFA-p2-opt-frag0.out,[H],-264.3268024411486294,-1.0441034178879485,-0.2587053198939560,-0.7853980979936862
./opt-HBIL-structures/srs-mp2-mim/,mim-TFA-p2-opt-frag1.out,[H],-524.0355947405366805,-1.5256051024485469,-0.4097959313912956,-1.1158091710564118
./opt-HBIL-structures/srs-mp2-mim/,mim-TFA-p3-opt-all.out,[H],-788.4737836716234369,-2.5825593954892390,-0.6742691939630280,-1.9082902015221235
./opt-HBIL-structures/srs-mp2-mim/,mim-TFA-p3-opt-frag0.out,[H],-264.3261382393637859,-1.0445016198033270,-0.2588142223490226,-0.7856873974539815
./opt-HBIL-structures/srs-mp2-mim/,mim-TFA-p3-opt-frag1.out,[H],-524.0353707407508637,-1.5256199622048117,-0.4098040707319896,-1.1158158914724128
./opt-HBIL-structures/srs-mp2-mim/,mim-TFA-p1-opt-frag0.out,[H],-264.3252815030051579,-1.0449404984281438,-0.2589449210956037,-0.7859955773321871
./opt-HBIL-structures/srs-mp2-mpyr/,mpyr-mOSO3-p1-opt-all.out,[H],-987.5569488296964664,-2.4087846068276502,-0.5987944446902143,-1.8099901621348362
./opt-HBIL-structures/srs-mp2-mpyr/,mpyr-mOSO3-p1-opt-frag0.out,[H],-250.6478732800117655,-1.0682221717659435,-0.2417160195104389,-0.8265061522549835
./opt-HBIL-structures/srs-mp2-mpyr/,mpyr-mOSO3-p1-opt-frag1.out,[H],-736.7504637661663764,-1.3207183191387322,-0.3475715192183004,-0.9731467999202208
./opt-HBIL-structures/srs-mp2-mpyr/,mpyr-NO3-p1-opt-all.out,[H],-529.8406917478031346,-2.0111084021676264,-0.5023365867029539,-1.5087718154630936
./opt-HBIL-structures/srs-mp2-mpyr/,mpyr-mSO3-p1-opt-all.out,[H],-912.6740905451396202,-2.1781592005552088,-0.5368450042309851,-1.6413141963229925
./opt-HBIL-structures/srs-mp2-mpyr/,mpyr-mSO3-p1-opt-frag0.out,[H],-250.6472988986620862,-1.0680503027919519,-0.2416264025664711,-0.8264239002252907
./opt-HBIL-structures/srs-mp2-mpyr/,mpyr-CF3SO3-p1-opt-frag1.out,[H],-958.5553317350254474,-1.8075821231435123,-0.4892825467484191,-1.3182995763949352
./opt-HBIL-structures/srs-mp2-mpyr/,mpyr-CF3SO3-p1-opt-frag0.out,[H],-250.6498408659392680,-1.0672749774871630,-0.2413570597857972,-0.8259179177011519
./opt-HBIL-structures/srs-mp2-mpyr/,mpyr-NO3-p1-opt-frag1.out,[H],-279.0259686417180092,-0.9201375529515859,-0.2504994430932139,-0.6696381098579112
./opt-HBIL-structures/srs-mp2-mpyr/,mpyr-NO3-p1-opt-frag0.out,[H],-250.6472966398702624,-1.0680673502899640,-0.2416541018129590,-0.8264132484766759
./opt-HBIL-structures/srs-mp2-mpyr/,mpyr-Cl-p1-opt-all.out,[H],-710.3877335438862701,-1.2837011301078673,-0.2995344663246154,-0.9841666637831250
./opt-HBIL-structures/srs-mp2-mpyr/,mpyr-TFA-p1-opt-frag0.out,[H],-250.6462761965594268,-1.0683522136322532,-0.2417671507570089,-0.8265850628751077
./opt-HBIL-structures/srs-mp2-mpyr/,mpyr-TFA-p1-opt-all.out,[H],-774.8405110574866512,-2.6161539932190214,-0.6619274407622706,-1.9542265524547522
./opt-HBIL-structures/srs-mp2-mpyr/,mpyr-TFA-p1-opt-frag1.out,[H],-524.0338866012896233,-1.5255180982214900,-0.4098213057456061,-1.1156967924750285
./opt-HBIL-structures/srs-mp2-mpyr/,mpyr-mSO3-p1-opt-frag1.out,[H],-661.8561122947035074,-1.0891244451013948,-0.2849066673368181,-0.8042177777645151
./opt-HBIL-structures/srs-mp2-mpyr/,mpyr-CF3SO3-p1-opt-all.out,[H],-1209.3523234426374984,-2.8956409762845392,-0.7403975990378592,-2.1552433772446986
./opt-HBIL-structures/srs-mp2-mpyr/,mpyr-Cl-p1-opt-frag0.out,[H],-250.6471336234511114,-1.0681439846902072,-0.2416687181379339,-0.8264752665517864
./opt-HBIL-structures/srs-mp2-mpyr/,mpyr-Cl-p1-opt-frag1.out,[H],-459.5646668064249525,-0.1969193331896238,-0.0493668449821803,-0.1475524882074436
./opt-HBIL-structures/srs-mp2-TMEA/,TMEA-CF3SO3-p1-opt-frag0.out,[H],-251.8090253705799455,-1.1015515933716307,-0.2421861818325524,-0.8593654115388888
./opt-HBIL-structures/srs-mp2-TMEA/,TMEA-CF3SO3-p1-opt-frag1.out,[H],-958.5564555264452338,-1.8073830218879767,-0.4891871748110790,-1.3181958470762372
./opt-HBIL-structures/srs-mp2-TMEA/,TMEA-CF3SO3-p1-opt-all.out,[H],-1210.4897233941128434,-2.9239054953051284,-0.7380792262787560,-2.1858262690256156
./opt-HBIL-structures/srs-mp2-TMEA/,TMEA-Cl-p1-opt-all.out,[H],-711.5163768514588583,-1.3111601101926287,-0.2973320299420473,-1.0138280802500170
./opt-HBIL-structures/srs-mp2-TMEA/,TMEA-mOSO3-p1-opt-all.out,[H],-988.6929874289304507,-2.4372645339776802,-0.5965568822223676,-1.8407076517544083
./opt-HBIL-structures/srs-mp2-TMEA/,TMEA-Cl-p1-opt-frag0.out,[H],-251.8082955837826944,-1.1018612801349563,-0.2423074391876698,-0.8595538409471022
./opt-HBIL-structures/srs-mp2-TMEA/,TMEA-Cl-p1-opt-frag1.out,[H],-459.5646668064197229,-0.1969193331896203,-0.0493668449821792,-0.1475524882074411
./opt-HBIL-structures/srs-mp2-TMEA/,TMEA-mOSO3-p1-opt-frag0.out,[H],-251.8089605364534691,-1.1015974743072956,-0.2422045425072745,-0.8593929317998367
./opt-HBIL-structures/srs-mp2-TMEA/,TMEA-mOSO3-p1-opt-frag1.out,[H],-736.7512319652234964,-1.3210619614223529,-0.3476625310919524,-0.9733994303301852
./opt-HBIL-structures/srs-mp2-TMEA/,TMEA-mSO3-p1-opt-all.out,[H],-913.8086168656074051,-2.2044919313799825,-0.5336365048848218,-1.6708554264942026
./opt-HBIL-structures/srs-mp2-TMEA/,TMEA-mSO3-p1-opt-frag0.out,[H],-251.8088380727417643,-1.1016460520636406,-0.2422201372962776,-0.8594259147671828
./opt-HBIL-structures/srs-mp2-TMEA/,TMEA-mSO3-p1-opt-frag1.out,[H],-661.8578860978407192,-1.0887008510093852,-0.2847685234615089,-0.8039323275478212
./opt-HBIL-structures/srs-mp2-TMEA/,TMEA-NO3-p1-opt-all.out,[H],-530.9707237315456041,-2.0366819971939654,-0.4993556087676697,-1.5373263884207062
./opt-HBIL-structures/srs-mp2-TMEA/,TMEA-NO3-p1-opt-frag0.out,[H],-251.8083049194373189,-1.1018244005340634,-0.2422996427695654,-0.8595247577643038
./opt-HBIL-structures/srs-mp2-TMEA/,TMEA-NO3-p1-opt-frag1.out,[H],-279.0269215845840449,-0.9203118188045324,-0.2505643902184007,-0.6697474285857465
./opt-HBIL-structures/srs-mp2-TMEA/,TMEA-TFA-p1-opt-frag0.out,[H],-251.8083750181037317,-1.1018369734620765,-0.2423285352166578,-0.8595084382451659
./opt-HBIL-structures/srs-mp2-TMEA/,TMEA-TFA-p1-opt-all.out,[H],-775.9729192786661542,-2.6423196612902053,-0.6589571466477568,-1.9833625146381531
./opt-HBIL-structures/srs-mp2-TMEA/,TMEA-TFA-p1-opt-frag1.out,[H],-524.0351803430401105,-1.5256120142071969,-0.4098139489890633,-1.1157980652176844
./opt-HBIL-structures/hf-aVQZ-DEMA/,DMEA-CF3SO3-p1-opt-all.out,-1171.5452325037424544,,,,
./opt-HBIL-structures/hf-aVQZ-DEMA/,DMEA-CF3SO3-p1-opt-frag0.out,-212.7782484674152670,,,,
./opt-HBIL-structures/hf-aVQZ-DEMA/,DMEA-CF3SO3-p1-opt-frag1.out,-958.6237429393129332,,,,
./opt-HBIL-structures/hf-aVQZ-DEMA/,DMEA-Cl-p1-opt-all.out,-672.5223342919188099,,,,
./opt-HBIL-structures/hf-aVQZ-DEMA/,DMEA-Cl-p1-opt-frag0.out,-212.7757994809106776,,,,
./opt-HBIL-structures/hf-aVQZ-DEMA/,DMEA-Cl-p1-opt-frag1.out,-459.5763528788389749,,,,
./opt-HBIL-structures/hf-aVQZ-DEMA/,DMEA-mOSO3-p1-opt-all.out,-949.7361375039931772,,,,
./opt-HBIL-structures/hf-aVQZ-DEMA/,DMEA-mOSO3-p1-opt-frag0.out,-212.7775088653066859,,,,
./opt-HBIL-structures/hf-aVQZ-DEMA/,DMEA-mOSO3-p1-opt-frag1.out,-736.7991081444072279,,,,
./opt-HBIL-structures/hf-aVQZ-DEMA/,DMEA-mSO3-p1-opt-frag0.out,-212.7756224546088788,,,,
./opt-HBIL-structures/hf-aVQZ-DEMA/,DMEA-mSO3-p1-opt-all.out,-874.8417925007586291,,,,
./opt-HBIL-structures/hf-aVQZ-DEMA/,DMEA-NO3-p1-opt-all.out,-491.9959346590015912,,,,
./opt-HBIL-structures/hf-aVQZ-DEMA/,DMEA-NO3-p1-opt-frag0.out,-212.7756724352757942,,,,
./opt-HBIL-structures/hf-aVQZ-DEMA/,DMEA-mSO3-p1-opt-frag1.out,-661.8996773414986592,,,,
./opt-HBIL-structures/hf-aVQZ-DEMA/,DMEA-NO3-p1-opt-frag1.out,-279.0566476985129611,,,,
./opt-HBIL-structures/hf-aVQZ-DEMA/,DMEA-TFA-p1-opt-frag0.out,-212.7750176728160909,,,,
./opt-HBIL-structures/hf-aVQZ-DEMA/,DMEA-TFA-p1-opt-all.out,-737.0271524760380544,,,,
./opt-HBIL-structures/hf-aVQZ-DEMA/,DMEA-TFA-p1-opt-frag1.out,-524.0832403475103547,,,,
./opt-HBIL-structures/hf-aVQZ-EtMeNH2/,EtMeNH2-CF3SO3-p1-opt-all.out,-1132.5055889488648972,,,,
./opt-HBIL-structures/hf-aVQZ-EtMeNH2/,EtMeNH2-CF3SO3-p1-opt-frag1.out,-958.6230539404834872,,,,
./opt-HBIL-structures/hf-aVQZ-EtMeNH2/,EtMeNH2-CF3SO3-p1-opt-frag0.out,-173.7307033455925023,,,,
./opt-HBIL-structures/hf-aVQZ-EtMeNH2/,EtMeNH2-Cl-p1-opt-all.out,-633.4773525600038511,,,,
./opt-HBIL-structures/hf-aVQZ-EtMeNH2/,EtMeNH2-Cl-p1-opt-frag0.out,-173.7278045387741656,,,,
./opt-HBIL-structures/hf-aVQZ-EtMeNH2/,EtMeNH2-Cl-p1-opt-frag1.out,-459.5763528788389749,,,,
./opt-HBIL-structures/hf-aVQZ-EtMeNH2/,EtMeNH2-mOSO3-p1-opt-all.out,-910.6913684968515099,,,,
./opt-HBIL-structures/hf-aVQZ-EtMeNH2/,EtMeNH2-mOSO3-p1-opt-frag0.out,-173.7301120981156544,,,,
./opt-HBIL-structures/hf-aVQZ-EtMeNH2/,EtMeNH2-mOSO3-p1-opt-frag1.out,-736.7990659339219519,,,,
./opt-HBIL-structures/hf-aVQZ-EtMeNH2/,EtMeNH2-mSO3-p1-opt-all.out,-835.8025406620026843,,,,
./opt-HBIL-structures/hf-aVQZ-EtMeNH2/,EtMeNH2-mSO3-p1-opt-frag0.out,-173.7289639260194178,,,,
./opt-HBIL-structures/hf-aVQZ-EtMeNH2/,EtMeNH2-mSO3-p1-opt-frag1.out,-661.8997041695728285,,,,
./opt-HBIL-structures/hf-aVQZ-EtMeNH2/,EtMeNH2-NO3-p1-opt-all.out,-452.9529807995606916,,,,
./opt-HBIL-structures/hf-aVQZ-EtMeNH2/,EtMeNH2-NO3-p1-opt-frag0.out,-173.7275901220762080,,,,
./opt-HBIL-structures/hf-aVQZ-EtMeNH2/,EtMeNH2-TFA-p1-opt-all.out,-697.9833153923161717,,,,
./opt-HBIL-structures/hf-aVQZ-EtMeNH2/,EtMeNH2-NO3-p1-opt-frag1.out,-279.0566049268941242,,,,
./opt-HBIL-structures/hf-aVQZ-EtMeNH2/,EtMeNH2-TFA-p1-opt-frag0.out,-173.7258155202635521,,,,
./opt-HBIL-structures/hf-aVQZ-EtMeNH2/,EtMeNH2-TFA-p1-opt-frag1.out,-524.0831287242203871,,,,
./opt-HBIL-structures/hf-aVQZ-EtNH3/,EtNH3-CF3SO3-p1-opt-all.out,-1093.4614777700160175,,,,
./opt-HBIL-structures/hf-aVQZ-EtNH3/,EtNH3-CF3SO3-p1-opt-frag0.out,-134.6799828910695851,,,,
./opt-HBIL-structures/hf-aVQZ-EtNH3/,EtNH3-CF3SO3-p1-opt-frag1.out,-958.6233523003686514,,,,
./opt-HBIL-structures/hf-aVQZ-EtNH3/,EtNH3-Cl-p1-opt-frag0.out,-134.6773948703446138,,,,
./opt-HBIL-structures/hf-aVQZ-EtNH3/,EtNH3-Cl-p1-opt-all.out,-594.4323513493901601,,,,
./opt-HBIL-structures/hf-aVQZ-EtNH3/,EtNH3-Cl-p1-opt-frag1.out,-459.5763528788393160,,,,
./opt-HBIL-structures/hf-aVQZ-EtNH3/,EtNH3-mOSO3-p1-opt-all.out,-871.6457420753602037,,,,
./opt-HBIL-structures/hf-aVQZ-EtNH3/,EtNH3-mOSO3-p1-opt-frag0.out,-134.6791279556885002,,,,
./opt-HBIL-structures/hf-aVQZ-EtNH3/,EtNH3-mSO3-p1-opt-all.out,-796.7549288734687707,,,,
./opt-HBIL-structures/hf-aVQZ-EtNH3/,EtNH3-mOSO3-p1-opt-frag1.out,-736.7992329371286360,,,,
./opt-HBIL-structures/hf-aVQZ-EtNH3/,EtNH3-mSO3-p1-opt-frag1.out,-661.8999069204205625,,,,
./opt-HBIL-structures/hf-aVQZ-EtNH3/,EtNH3-mSO3-p1-opt-frag0.out,-134.6781562645093118,,,,
./opt-HBIL-structures/hf-aVQZ-EtNH3/,EtNH3-NO3-p1-opt-all.out,-413.9072873284495699,,,,
./opt-HBIL-structures/hf-aVQZ-EtNH3/,EtNH3-NO3-p1-opt-frag0.out,-134.6767690238862372,,,,
./opt-HBIL-structures/hf-aVQZ-EtNH3/,EtNH3-TFA-p1-opt-all.out,-658.9392366911210956,,,,
./opt-HBIL-structures/hf-aVQZ-EtNH3/,EtNH3-TFA-p1-opt-frag0.out,-134.6723184576175072,,,,
./opt-HBIL-structures/hf-aVQZ-EtNH3/,EtNH3-NO3-p1-opt-frag1.out,-279.0564202905911770,,,,
./opt-HBIL-structures/hf-aVQZ-EtNH3/,EtNH3-TFA-p1-opt-frag1.out,-524.0828907761857636,,,,
./opt-HBIL-structures/hf-aVQZ-mim/,mim-CF3SO3-p1-opt-all.out,-1223.0944466409719098,,,,
./opt-HBIL-structures/hf-aVQZ-mim/,mim-CF3SO3-p1-opt-frag0.out,-264.3438709935380757,,,,
./opt-HBIL-structures/hf-aVQZ-mim/,mim-CF3SO3-p1-opt-frag1.out,-958.6246607646087341,,,,
./opt-HBIL-structures/hf-aVQZ-mim/,mim-CF3SO3-p2-opt-all.out,-1223.1097351537987379,,,,
./opt-HBIL-structures/hf-aVQZ-mim/,mim-CF3SO3-p2-opt-frag0.out,-264.3413712143910175,,,,
./opt-HBIL-structures/hf-aVQZ-mim/,mim-Cl-p1-opt-all.out,-724.0722516925011405,,,,
./opt-HBIL-structures/hf-aVQZ-mim/,mim-Cl-p1-opt-frag0.out,-264.3374531633990614,,,,
./opt-HBIL-structures/hf-aVQZ-mim/,mim-CF3SO3-p2-opt-frag1.out,-958.6236483074981152,,,,
./opt-HBIL-structures/hf-aVQZ-mim/,mim-Cl-p1-opt-frag1.out,-459.5763528788314147,,,,
./opt-HBIL-structures/hf-aVQZ-mim/,mim-Cl-p2-opt-all.out,-724.0631531899912261,,,,
./opt-HBIL-structures/hf-aVQZ-mim/,mim-Cl-p2-opt-frag0.out,-264.3433051942203633,,,,
./opt-HBIL-structures/hf-aVQZ-mim/,mim-mOSO3-p1-opt-all.out,-1001.2736712395344512,,,,
./opt-HBIL-structures/hf-aVQZ-mim/,mim-Cl-p2-opt-frag1.out,-459.5763528788423855,,,,
./opt-HBIL-structures/hf-aVQZ-mim/,mim-mOSO3-p1-opt-frag0.out,-264.3436727960470307,,,,
./opt-HBIL-structures/hf-aVQZ-mim/,mim-mOSO3-p1-opt-frag1.out,-736.8001437463494767,,,,
./opt-HBIL-structures/hf-aVQZ-mim/,mim-mSO3-p1-opt-all.out,-926.4025469548639649,,,,
./opt-HBIL-structures/hf-aVQZ-mim/,mim-mSO3-p1-opt-frag0.out,-264.3369405721891212,,,,
./opt-HBIL-structures/hf-aVQZ-mim/,mim-mSO3-p1-opt-frag1.out,-661.8999333575882247,,,,
./opt-HBIL-structures/hf-aVQZ-mim/,mim-mSO3-p2-opt-all.out,-926.3898650529176848,,,,
./opt-HBIL-structures/hf-aVQZ-mim/,mim-mSO3-p2-opt-frag0.out,-264.3438635959812473,,,,
./opt-HBIL-structures/hf-aVQZ-mim/,mim-mSO3-p2-opt-frag1.out,-661.9014805309085432,,,,
./opt-HBIL-structures/hf-aVQZ-mim/,mim-NO3-p1-opt-all.out,-543.5535364479499094,,,,
./opt-HBIL-structures/hf-aVQZ-mim/,mim-NO3-p1-opt-frag0.out,-264.3349196351248906,,,,
./opt-HBIL-structures/hf-aVQZ-mim/,mim-NO3-p1-opt-frag1.out,-279.0566557195654127,,,,
./opt-HBIL-structures/hf-aVQZ-mim/,mim-NO3-p2-opt-frag0.out,-264.3442159601625576,,,,
./opt-HBIL-structures/hf-aVQZ-mim/,mim-NO3-p2-opt-all.out,-543.5312103856180102,,,,
./opt-HBIL-structures/hf-aVQZ-mim/,mim-NO3-p2-opt-frag1.out,-279.0574600131334932,,,,
./opt-HBIL-structures/hf-aVQZ-mim/,mim-TFA-p1-opt-all.out,-788.5693095993553925,,,,
./opt-HBIL-structures/hf-aVQZ-mim/,mim-TFA-p1-opt-frag0.out,-264.3430476448918398,,,,
./opt-HBIL-structures/hf-aVQZ-mim/,mim-TFA-p1-opt-frag1.out,-524.0846261621759368,,,,
./opt-HBIL-structures/hf-aVQZ-mim/,mim-TFA-p2-opt-all.out,-788.5293792274983389,,,,
./opt-HBIL-structures/hf-aVQZ-mim/,mim-TFA-p2-opt-frag0.out,-264.3445960351280632,,,,
./opt-HBIL-structures/hf-aVQZ-mim/,mim-TFA-p2-opt-frag1.out,-524.0847309762415307,,,,
./opt-HBIL-structures/hf-aVQZ-mim/,mim-TFA-p3-opt-frag1.out,-524.0845142658910163,,,,
./opt-HBIL-structures/hf-aVQZ-mim/,mim-TFA-p3-opt-all.out,-788.5375715589182164,,,,
./opt-HBIL-structures/hf-aVQZ-mim/,mim-TFA-p3-opt-frag0.out,-264.3439179765732092,,,,
./opt-HBIL-structures/hf-aVQZ-mpyr/,mpyr-CF3SO3-p1-opt-all.out,-1209.4322274227092748,,,,
./opt-HBIL-structures/hf-aVQZ-mpyr/,mpyr-CF3SO3-p1-opt-frag0.out,-250.6662005422876973,,,,
./opt-HBIL-structures/hf-aVQZ-mpyr/,mpyr-CF3SO3-p1-opt-frag1.out,-958.6233978283428314,,,,
./opt-HBIL-structures/hf-aVQZ-mpyr/,mpyr-Cl-p1-opt-all.out,-710.4092714163064102,,,,
./opt-HBIL-structures/hf-aVQZ-mpyr/,mpyr-Cl-p1-opt-frag0.out,-250.6634835431624992,,,,
./opt-HBIL-structures/hf-aVQZ-mpyr/,mpyr-Cl-p1-opt-frag1.out,-459.5763528788255599,,,,
./opt-HBIL-structures/hf-aVQZ-mpyr/,mpyr-mOSO3-p1-opt-all.out,-987.6182580725551361,,,,
./opt-HBIL-structures/hf-aVQZ-mpyr/,mpyr-mOSO3-p1-opt-frag0.out,-250.6642265341235429,,,,
./opt-HBIL-structures/hf-aVQZ-mpyr/,mpyr-mOSO3-p1-opt-frag1.out,-736.7997709699568532,,,,
./opt-HBIL-structures/hf-aVQZ-mpyr/,mpyr-mSO3-p1-opt-all.out,-912.7282639006389218,,,,
./opt-HBIL-structures/hf-aVQZ-mpyr/,mpyr-mSO3-p1-opt-frag0.out,-250.6636476234481847,,,,
./opt-HBIL-structures/hf-aVQZ-mpyr/,mpyr-mSO3-p1-opt-frag1.out,-661.8996568239429052,,,,
./opt-HBIL-structures/hf-aVQZ-mpyr/,mpyr-NO3-p1-opt-all.out,-529.8812386345518917,,,,
./opt-HBIL-structures/hf-aVQZ-mpyr/,mpyr-NO3-p1-opt-frag0.out,-250.6636482170676459,,,,
./opt-HBIL-structures/hf-aVQZ-mpyr/,mpyr-NO3-p1-opt-frag1.out,-279.0566661043054069,,,,
./opt-HBIL-structures/hf-aVQZ-mpyr/,mpyr-TFA-p1-opt-frag0.out,-250.6626236125792957,,,,
./opt-HBIL-structures/hf-aVQZ-mpyr/,mpyr-TFA-p1-opt-all.out,-774.9001858778015048,,,,
./opt-HBIL-structures/hf-aVQZ-mpyr/,mpyr-TFA-p1-opt-frag1.out,-524.0831369826711352,,,,
./opt-HBIL-structures/hf-aVQZ-TMEA/,TMEA-CF3SO3-p1-opt-all.out,-1210.5706618722342682,,,,
./opt-HBIL-structures/hf-aVQZ-TMEA/,TMEA-CF3SO3-p1-opt-frag0.out,-251.8256793177733357,,,,
./opt-HBIL-structures/hf-aVQZ-TMEA/,TMEA-Cl-p1-opt-all.out,-711.5389097366200986,,,,
./opt-HBIL-structures/hf-aVQZ-TMEA/,TMEA-CF3SO3-p1-opt-frag1.out,-958.6245743940103239,,,,
./opt-HBIL-structures/hf-aVQZ-TMEA/,TMEA-Cl-p1-opt-frag1.out,-459.5763528788385202,,,,
./opt-HBIL-structures/hf-aVQZ-TMEA/,TMEA-Cl-p1-opt-frag0.out,-251.8249508029976482,,,,
./opt-HBIL-structures/hf-aVQZ-TMEA/,TMEA-mOSO3-p1-opt-all.out,-988.7552254452803027,,,,
./opt-HBIL-structures/hf-aVQZ-TMEA/,TMEA-mOSO3-p1-opt-frag0.out,-251.8256149636800956,,,,
./opt-HBIL-structures/hf-aVQZ-TMEA/,TMEA-mOSO3-p1-opt-frag1.out,-736.8004786572307694,,,,
./opt-HBIL-structures/hf-aVQZ-TMEA/,TMEA-mSO3-p1-opt-all.out,-913.8640744412191452,,,,
./opt-HBIL-structures/hf-aVQZ-TMEA/,TMEA-mSO3-p1-opt-frag0.out,-251.8254920414245817,,,,
./opt-HBIL-structures/hf-aVQZ-TMEA/,TMEA-mSO3-p1-opt-frag1.out,-661.9014482256997098,,,,
./opt-HBIL-structures/hf-aVQZ-TMEA/,TMEA-NO3-p1-opt-all.out,-531.0125279527396742,,,,
./opt-HBIL-structures/hf-aVQZ-TMEA/,TMEA-NO3-p1-opt-frag0.out,-251.8249596671475956,,,,
./opt-HBIL-structures/hf-aVQZ-TMEA/,TMEA-NO3-p1-opt-frag1.out,-279.0575649699666769,,,,
./opt-HBIL-structures/hf-aVQZ-TMEA/,TMEA-TFA-p1-opt-all.out,-776.0337193890741219,,,,
./opt-HBIL-structures/hf-aVQZ-TMEA/,TMEA-TFA-p1-opt-frag0.out,-251.8250343365551771,,,,
./opt-HBIL-structures/hf-aVQZ-TMEA/,TMEA-TFA-p1-opt-frag1.out,-524.0843417722896902,,,,
./opt-HBIL-structures/mp2-VQZ-DMEA/,DMEA-CF3SO3-p1-opt-all.out,[H],-1171.5417157033859894,-2.9631153175666656,-0.7303490605358108,-2.2327662570283180
./opt-HBIL-structures/mp2-VQZ-DMEA/,DMEA-CF3SO3-p1-opt-frag0.out,[H],-212.7778516221889049,-0.9783491144370358,-0.2076273229214498,-0.7707217915134561
./opt-HBIL-structures/mp2-VQZ-DMEA/,DMEA-CF3SO3-p1-opt-frag1.out,[H],-958.6195704686923591,-1.9694374968749837,-0.5153123666756878,-1.4541251301990750
./opt-HBIL-structures/mp2-VQZ-DMEA/,DMEA-Cl-p1-opt-all.out,[H],-672.5212881163758993,-1.2169107792292291,-0.2683627697627318,-0.9485480094650079
./opt-HBIL-structures/mp2-VQZ-DMEA/,DMEA-Cl-p1-opt-frag0.out,[H],-212.7754025112417082,-0.9791018768695332,-0.2079067335735876,-0.7711951432941700
./opt-HBIL-structures/mp2-VQZ-DMEA/,DMEA-mOSO3-p1-opt-all.out,[H],-949.7335316636593916,-2.4255774009369606,-0.5808246344960730,-1.8447527664365126
./opt-HBIL-structures/mp2-VQZ-DMEA/,DMEA-Cl-p1-opt-frag1.out,[H],-459.5728227942065587,-0.2209511063789548,-0.0525488551279848,-0.1684022512509700
./opt-HBIL-structures/mp2-VQZ-DMEA/,DMEA-mOSO3-p1-opt-frag0.out,[H],-212.7771113476599396,-0.9787380801987505,-0.2077752723962120,-0.7709628078006611
./opt-HBIL-structures/mp2-VQZ-DMEA/,DMEA-mOSO3-p1-opt-frag1.out,[H],-736.7957256149240948,-1.4315060850201426,-0.3653529395931729,-1.0661531454255777
./opt-HBIL-structures/mp2-VQZ-DMEA/,DMEA-mSO3-p1-opt-all.out,[H],-874.8394302643376932,-2.1767091618680174,-0.5159794359868766,-1.6607297258797049
./opt-HBIL-structures/mp2-VQZ-DMEA/,DMEA-mSO3-p1-opt-frag0.out,[H],-212.7752243036940456,-0.9792109766253106,-0.2079139982018521,-0.7712969784215254
./opt-HBIL-structures/mp2-VQZ-DMEA/,DMEA-mSO3-p1-opt-frag1.out,[H],-661.8961468885329396,-1.1810270419421141,-0.2996370307965436,-0.8813900111438892
./opt-HBIL-structures/mp2-VQZ-DMEA/,DMEA-NO3-p1-opt-all.out,[H],-491.9935680038954615,-1.9937909204697410,-0.4796924067118110,-1.5140985137491243
./opt-HBIL-structures/mp2-VQZ-DMEA/,DMEA-NO3-p1-opt-frag0.out,[H],-212.7752745858803678,-0.9791691393600904,-0.2079125146866773,-0.7712566246713507
./opt-HBIL-structures/mp2-VQZ-DMEA/,DMEA-NO3-p1-opt-frag1.out,[H],-279.0521878676310052,-0.9955681936939829,-0.2629232335312467,-0.7326449601621655
./opt-HBIL-structures/mp2-VQZ-DMEA/,DMEA-TFA-p1-opt-all.out,[H],-737.0245749958874057,-2.6548753310831210,-0.6473431507187779,-2.0075321803559496
./opt-HBIL-structures/mp2-VQZ-DMEA/,DMEA-TFA-p1-opt-frag0.out,[H],-212.7746130036010754,-0.9795661393587476,-0.2080665900048682,-0.7714995493511569
./opt-HBIL-structures/mp2-VQZ-DMEA/,DMEA-TFA-p1-opt-frag1.out,[H],-524.0790104488003180,-1.6582555463557656,-0.4306660772026478,-1.2275894691521938
./opt-HBIL-structures/mp2-VQZ-EtMeNH2/,EtMeNH2-CF3SO3-p1-opt-all.out,[H],-1132.5021123533078935,-2.7770366562361692,-0.6895256670827242,-2.0875109891505801
./opt-HBIL-structures/mp2-VQZ-EtMeNH2/,EtMeNH2-CF3SO3-p1-opt-frag0.out,[H],-173.7303615723562018,-0.7910881419716581,-0.1665182885089171,-0.6245698534625175
./opt-HBIL-structures/mp2-VQZ-EtMeNH2/,EtMeNH2-CF3SO3-p1-opt-frag1.out,[H],-958.6188871373155962,-1.9697960126968044,-0.5153982336788349,-1.4543977790177467
./opt-HBIL-structures/mp2-VQZ-EtMeNH2/,EtMeNH2-Cl-p1-opt-all.out,[H],-633.4763051213077460,-1.0284190354170135,-0.2265174270975030,-0.8019016083180146
./opt-HBIL-structures/mp2-VQZ-EtMeNH2/,EtMeNH2-Cl-p1-opt-frag0.out,[H],-173.7274603229663228,-0.7919815521096550,-0.1667890144317263,-0.6251925376776615
./opt-HBIL-structures/mp2-VQZ-EtMeNH2/,EtMeNH2-Cl-p1-opt-frag1.out,[H],-459.5728227942064450,-0.2209511063789518,-0.0525488551279838,-0.1684022512509680
./opt-HBIL-structures/mp2-VQZ-EtMeNH2/,EtMeNH2-mOSO3-p1-opt-all.out,[H],-910.6888450308096026,-2.2403318984357048,-0.5404036244808185,-1.6999282739496497
./opt-HBIL-structures/mp2-VQZ-EtMeNH2/,EtMeNH2-mOSO3-p1-opt-frag0.out,[H],-173.7297706324229409,-0.7912704239109271,-0.1665819554501492,-0.6246884684605252
./opt-HBIL-structures/mp2-VQZ-EtMeNH2/,EtMeNH2-mOSO3-p1-opt-frag1.out,[H],-736.7956925405205766,-1.4318845395233921,-0.3654509009860411,-1.0664336385370503
./opt-HBIL-structures/mp2-VQZ-EtMeNH2/,EtMeNH2-mSO3-p1-opt-all.out,[H],-835.8001385507352552,-1.9870835185800413,-0.4736672892768587,-1.5134162293018263
./opt-HBIL-structures/mp2-VQZ-EtMeNH2/,EtMeNH2-mSO3-p1-opt-frag0.out,[H],-173.7286221305105869,-0.7914960809034840,-0.1666694428045668,-0.6248266380987193
./opt-HBIL-structures/mp2-VQZ-EtMeNH2/,EtMeNH2-mSO3-p1-opt-frag1.out,[H],-661.8961616393720533,-1.1810755460602014,-0.2996665070001805,-0.8814090390583662
./opt-HBIL-structures/mp2-VQZ-EtMeNH2/,EtMeNH2-NO3-p1-opt-all.out,[H],-452.9506114160470247,-1.8047216275113271,-0.4375219952100370,-1.3671996322916216
./opt-HBIL-structures/mp2-VQZ-EtMeNH2/,EtMeNH2-NO3-p1-opt-frag0.out,[H],-173.7272473214285924,-0.7919520753784144,-0.1667730581612520,-0.6251790172169269
./opt-HBIL-structures/mp2-VQZ-EtMeNH2/,EtMeNH2-TFA-p1-opt-all.out,[H],-697.9807352369826958,-2.4657446995554357,-0.6051033438675196,-1.8606413556796639
./opt-HBIL-structures/mp2-VQZ-EtMeNH2/,EtMeNH2-NO3-p1-opt-frag1.out,[H],-279.0521445952714998,-0.9956392024588331,-0.2629405025660889,-0.7326986998921683
./opt-HBIL-structures/mp2-VQZ-EtMeNH2/,EtMeNH2-TFA-p1-opt-frag0.out,[H],-173.7254721028033089,-0.7924939997110858,-0.1669633878907248,-0.6255306118201132
./opt-HBIL-structures/mp2-VQZ-EtMeNH2/,EtMeNH2-TFA-p1-opt-frag1.out,[H],-524.0788919889259887,-1.6583368559687606,-0.4306833918012771,-1.2276534641664916
./opt-HBIL-structures/mp2-VQZ-EtNH3/,EtNH3-CF3SO3-p1-opt-frag0.out,[H],-134.6797133265714592,-0.6077365545535014,-0.1272435699021464,-0.4804929846513029
./opt-HBIL-structures/mp2-VQZ-EtNH3/,EtNH3-CF3SO3-p1-opt-all.out,[H],-1093.4581104588937706,-2.5921561657453829,-0.6496871754108129,-1.9424689903322676
./opt-HBIL-structures/mp2-VQZ-EtNH3/,EtNH3-CF3SO3-p1-opt-frag1.out,[H],-958.6191769165558298,-1.9696143537618449,-0.5153588266494891,-1.4542555271121311
./opt-HBIL-structures/mp2-VQZ-EtNH3/,EtNH3-Cl-p1-opt-frag1.out,[H],-459.5728227942064450,-0.2209511063789517,-0.0525488551279837,-0.1684022512509680
./opt-HBIL-structures/mp2-VQZ-EtNH3/,EtNH3-Cl-p1-opt-all.out,[H],-594.4313410474476314,-0.8443858474224050,-0.1868493154558618,-0.6575365319646125
./opt-HBIL-structures/mp2-VQZ-EtNH3/,EtNH3-mOSO3-p1-opt-all.out,[H],-871.6432555305907499,-2.0568464266149906,-0.5009969139086978,-1.5558495127009919
./opt-HBIL-structures/mp2-VQZ-EtNH3/,EtNH3-Cl-p1-opt-frag0.out,[H],-134.6771219932268480,-0.6084280993676001,-0.1273923095669000,-0.4810357897975958
./opt-HBIL-structures/mp2-VQZ-EtNH3/,EtNH3-mOSO3-p1-opt-frag0.out,[H],-134.6788557052749979,-0.6079416144391361,-0.1272622332994991,-0.4806793811395893
./opt-HBIL-structures/mp2-VQZ-EtNH3/,EtNH3-mSO3-p1-opt-frag0.out,[H],-134.6778858864079780,-0.6082323355325123,-0.1274206150657560,-0.4808117204666998
./opt-HBIL-structures/mp2-VQZ-EtNH3/,EtNH3-mOSO3-p1-opt-frag1.out,[H],-736.7958591810526059,-1.4317192915451407,-0.3654064126545438,-1.0663128788902800
./opt-HBIL-structures/mp2-VQZ-EtNH3/,EtNH3-mSO3-p1-opt-all.out,[H],-796.7526519520972670,-1.8046451959640493,-0.4347501319424380,-1.3698950640201744
./opt-HBIL-structures/mp2-VQZ-EtNH3/,EtNH3-NO3-p1-opt-frag0.out,[H],-134.6764973522136870,-0.6085784381384590,-0.1274688508305853,-0.4811095873078194
./opt-HBIL-structures/mp2-VQZ-EtNH3/,EtNH3-NO3-p1-opt-frag1.out,[H],-279.0519559080370300,-0.9956925805208968,-0.2629490384341516,-0.7327435420861800
./opt-HBIL-structures/mp2-VQZ-EtNH3/,EtNH3-mSO3-p1-opt-frag1.out,[H],-661.8963827868124099,-1.1811873855276287,-0.2996835684539586,-0.8815038170720260
./opt-HBIL-structures/mp2-VQZ-EtNH3/,EtNH3-NO3-p1-opt-all.out,[H],-413.9050297252418886,-1.6219341645349783,-0.3983699371980960,-1.2235642273289378
./opt-HBIL-structures/mp2-VQZ-EtNH3/,EtNH3-TFA-p1-opt-all.out,[H],-658.9366487707225133,-2.2808467166926016,-0.5649851185035353,-1.7158615981823149
./opt-HBIL-structures/mp2-VQZ-EtNH3/,EtNH3-TFA-p1-opt-frag0.out,[H],-134.6720440094123319,-0.6091954227683229,-0.1275612567588211,-0.4816341660094532
./opt-HBIL-structures/mp2-VQZ-EtNH3/,EtNH3-TFA-p1-opt-frag1.out,[H],-524.0786490417651748,-1.6582958916303403,-0.4306772328900131,-1.2276186587393865
./opt-HBIL-structures/mp2-VQZ-mim/,mim-CF3SO3-p1-opt-all.out,[H],-1223.0906016036608435,-3.0923887611634431,-0.7884736672314281,-2.3039150939241124
./opt-HBIL-structures/mp2-VQZ-mim/,mim-CF3SO3-p2-opt-frag0.out,[H],-264.3408063210192722,-1.1121953557832704,-0.2678695368939853,-0.8443258188880519
./opt-HBIL-structures/mp2-VQZ-mim/,mim-CF3SO3-p1-opt-frag0.out,[H],-264.3433111866467016,-1.1112266493819756,-0.2675971822823247,-0.8436294670985856
./opt-HBIL-structures/mp2-VQZ-mim/,mim-CF3SO3-p1-opt-frag1.out,[H],-958.6205082194518354,-1.9696040301145781,-0.5153044969800843,-1.4542995331342876
./opt-HBIL-structures/mp2-VQZ-mim/,mim-CF3SO3-p2-opt-all.out,[H],-1223.1058913293863952,-3.0928589070155175,-0.7890197725987234,-2.3038391344110125
./opt-HBIL-structures/mp2-VQZ-mim/,mim-CF3SO3-p2-opt-frag1.out,[H],-958.6194781968911229,-1.9694482903498691,-0.5153074524799045,-1.4541408378697389
./opt-HBIL-structures/mp2-VQZ-mim/,mim-Cl-p1-opt-all.out,[H],-724.0706694323952206,-1.3481852948113624,-0.3274781917597135,-1.0207071030495181
./opt-HBIL-structures/mp2-VQZ-mim/,mim-Cl-p1-opt-frag0.out,[H],-264.3368881081672725,-1.1133037143252500,-0.2682475374362588,-0.8450561768881329
./opt-HBIL-structures/mp2-VQZ-mim/,mim-Cl-p1-opt-frag1.out,[H],-459.5728227942052513,-0.2209511063789550,-0.0525488551279863,-0.1684022512509686
./opt-HBIL-structures/mp2-VQZ-mim/,mim-mOSO3-p1-opt-all.out,[H],-1001.2706850910543608,-2.5556681279192981,-0.6392129667231405,-1.9164551611882661
./opt-HBIL-structures/mp2-VQZ-mim/,mim-Cl-p2-opt-frag1.out,[H],-459.5728227942065587,-0.2209511063789545,-0.0525488551279847,-0.1684022512509698
./opt-HBIL-structures/mp2-VQZ-mim/,mim-Cl-p2-opt-all.out,[H],-724.0614408821243160,-1.3396728771470074,-0.3238853137488107,-1.0157875633902547
./opt-HBIL-structures/mp2-VQZ-mim/,mim-Cl-p2-opt-frag0.out,[H],-264.3427446001273893,-1.1115244460401110,-0.2676603957571138,-0.8438640502819232
./opt-HBIL-structures/mp2-VQZ-mim/,mim-mOSO3-p1-opt-frag0.out,[H],-264.3431127340313651,-1.1113284512890622,-0.2676081577026296,-0.8437202935853709
./opt-HBIL-structures/mp2-VQZ-mim/,mim-mOSO3-p1-opt-frag1.out,[H],-736.7968067041681479,-1.4322567086301090,-0.3655625361876313,-1.0666941724421648
./opt-HBIL-structures/mp2-VQZ-mim/,mim-mSO3-p1-opt-all.out,[H],-926.3997411172906595,-2.3053541211922326,-0.5741257846635253,-1.7312283365251504
./opt-HBIL-structures/mp2-VQZ-mim/,mim-mSO3-p1-opt-frag0.out,[H],-264.3363728240627211,-1.1132714149778848,-0.2681790472167761,-0.8450923677597477
./opt-HBIL-structures/mp2-VQZ-mim/,mim-mSO3-p1-opt-frag1.out,[H],-661.8964071326852263,-1.1808750122630172,-0.2996039989729419,-0.8812710132884085
./opt-HBIL-structures/mp2-VQZ-mim/,mim-mSO3-p2-opt-all.out,[H],-926.3870784488678964,-2.3023795898324608,-0.5724158848912766,-1.7299637049335579
./opt-HBIL-structures/mp2-VQZ-mim/,mim-NO3-p1-opt-frag0.out,[H],-264.3343527312700871,-1.1138664536542440,-0.2683989891951337,-0.8454674644582032
./opt-HBIL-structures/mp2-VQZ-mim/,mim-mSO3-p2-opt-frag1.out,[H],-661.8979826573055334,-1.1807462630844221,-0.2995423616490168,-0.8812039014338418
./opt-HBIL-structures/mp2-VQZ-mim/,mim-NO3-p1-opt-all.out,[H],-543.5506911896148949,-2.1245232618935055,-0.5386615908656208,-1.5858616710256639
./opt-HBIL-structures/mp2-VQZ-mim/,mim-mSO3-p2-opt-frag0.out,[H],-264.3433028685967656,-1.1111740362208218,-0.2675499721058839,-0.8436240641138134
./opt-HBIL-structures/mp2-VQZ-mim/,mim-NO3-p2-opt-all.out,[H],-543.5282619317162016,-2.1260709045822122,-0.5392564830847328,-1.5868144214923006
./opt-HBIL-structures/mp2-VQZ-mim/,mim-NO3-p1-opt-frag1.out,[H],-279.0521949004116777,-0.9953992463487035,-0.2628786648246966,-0.7325205815234810
./opt-HBIL-structures/mp2-VQZ-mim/,mim-NO3-p2-opt-frag1.out,[H],-279.0530230218338943,-0.9959663950636023,-0.2630502268328656,-0.7329161682300038
./opt-HBIL-structures/mp2-VQZ-mim/,mim-NO3-p2-opt-frag0.out,[H],-264.3436557805092662,-1.1109029903898693,-0.2675039656081848,-0.8433990247805212
./opt-HBIL-structures/mp2-VQZ-mim/,mim-TFA-p1-opt-all.out,[H],-788.5660133535792511,-2.7756112371062422,-0.7016456355994293,-2.0739656014995500
./opt-HBIL-structures/mp2-VQZ-mim/,mim-TFA-p2-opt-all.out,[H],-788.5255168911920691,-2.7760983878865502,-0.7013452295229677,-2.0747531583560090
./opt-HBIL-structures/mp2-VQZ-mim/,mim-TFA-p1-opt-frag0.out,[H],-264.3424853315033261,-1.1116988273028985,-0.2677036900491417,-0.8439951372526566
./opt-HBIL-structures/mp2-VQZ-mim/,mim-TFA-p1-opt-frag1.out,[H],-524.0804340365361895,-1.6581237795608661,-0.4305817480843681,-1.2275420314749284
./opt-HBIL-structures/mp2-VQZ-mim/,mim-TFA-p2-opt-frag0.out,[H],-264.3440362473953655,-1.1108635237237892,-0.2674563286997803,-0.8434071950229306
./opt-HBIL-structures/mp2-VQZ-mim/,mim-TFA-p3-opt-all.out,[H],-788.5338398488883058,-2.7813762037701362,-0.7036648211191608,-2.0777113826464007
./opt-HBIL-structures/mp2-VQZ-mim/,mim-TFA-p3-opt-frag0.out,[H],-264.3433570842332756,-1.1112573415458515,-0.2675682625569236,-0.8436890789878342
./opt-HBIL-structures/mp2-VQZ-mim/,mim-TFA-p2-opt-frag1.out,[H],-524.0805636986635818,-1.6583315668722547,-0.4305783744136790,-1.2277531924572569
./opt-HBIL-structures/mp2-VQZ-mim/,mim-TFA-p3-opt-frag1.out,[H],-524.0803423999090001,-1.6583480821655174,-0.4305880830319955,-1.2277599991326980
./opt-HBIL-structures/mp2-VQZ-mpyr/,mpyr-CF3SO3-p1-opt-all.out,[H],-1209.4287575587259198,-3.1221689370483356,-0.7740784172675620,-2.3480905197781885
./opt-HBIL-structures/mp2-VQZ-mpyr/,mpyr-CF3SO3-p1-opt-frag0.out,[H],-250.6657224271417590,-1.1334049883805144,-0.2494469731023560,-0.8839580152757477
./opt-HBIL-structures/mp2-VQZ-mpyr/,mpyr-CF3SO3-p1-opt-frag1.out,[H],-958.6192206809553227,-1.9695159319620701,-0.5153341385961772,-1.4541817933656649
./opt-HBIL-structures/mp2-VQZ-mpyr/,mpyr-Cl-p1-opt-frag0.out,[H],-250.6630045040320169,-1.1342236963127892,-0.2497457958509078,-0.8844779004613454
./opt-HBIL-structures/mp2-VQZ-mpyr/,mpyr-Cl-p1-opt-all.out,[H],-710.4082396152125511,-1.3731591157031362,-0.3107588326411413,-1.0624002830548425
./opt-HBIL-structures/mp2-VQZ-mpyr/,mpyr-Cl-p1-opt-frag1.out,[H],-459.5728227942103103,-0.2209511063789750,-0.0525488551279921,-0.1684022512509828
./opt-HBIL-structures/mp2-VQZ-mpyr/,mpyr-mOSO3-p1-opt-all.out,[H],-987.6156446974105165,-2.5840215740632586,-0.6241749157870021,-1.9598466582731078
./opt-HBIL-structures/mp2-VQZ-mpyr/,mpyr-mOSO3-p1-opt-frag0.out,[H],-250.6637382398753857,-1.1343097623005964,-0.2497922051702964,-0.8845175571297439
./opt-HBIL-structures/mp2-VQZ-mpyr/,mpyr-mSO3-p1-opt-all.out,[H],-912.7259527266704708,-2.3348008764265895,-0.5592634906667846,-1.7755373857581540
./opt-HBIL-structures/mp2-VQZ-mpyr/,mpyr-mSO3-p1-opt-frag0.out,[H],-250.6631690312077012,-1.1341986108503650,-0.2497292660218716,-0.8844693448262793
./opt-HBIL-structures/mp2-VQZ-mpyr/,mpyr-mOSO3-p1-opt-frag1.out,[H],-736.7963865133410764,-1.4311718434662104,-0.3652651640806001,-1.0659066793853125
./opt-HBIL-structures/mp2-VQZ-mpyr/,mpyr-mSO3-p1-opt-frag1.out,[H],-661.8961240022574657,-1.1810918721728103,-0.2996623661908406,-0.8814295059802620
./opt-HBIL-structures/mp2-VQZ-mpyr/,mpyr-NO3-p1-opt-all.out,[H],-529.8788704036759327,-2.1505956221224838,-0.5222912131301634,-1.6283044089847984
./opt-HBIL-structures/mp2-VQZ-mpyr/,mpyr-TFA-p1-opt-all.out,[H],-774.8974167173781780,-2.8135221470976410,-0.6904359542723205,-2.1230861928226861
./opt-HBIL-structures/mp2-VQZ-mpyr/,mpyr-NO3-p1-opt-frag0.out,[H],-250.6631690808765711,-1.1341925625962439,-0.2497470576464954,-0.8844455049461328
./opt-HBIL-structures/mp2-VQZ-mpyr/,mpyr-NO3-p1-opt-frag1.out,[H],-279.0522064962406148,-0.9955368099305709,-0.2629165158540434,-0.7326202940759580
./opt-HBIL-structures/mp2-VQZ-mpyr/,mpyr-TFA-p1-opt-frag0.out,[H],-250.6621470951176320,-1.1345145815212556,-0.2498781996621530,-0.8846363818574817
./opt-HBIL-structures/mp2-VQZ-mpyr/,mpyr-TFA-p1-opt-frag1.out,[H],-524.0789245808384749,-1.6582598628142426,-0.4306060061329735,-1.2276538566802555
./opt-HBIL-structures/mp2-VQZ-TMEA/,TMEA-CF3SO3-p1-opt-all.out,[H],-1210.5670111254398762,-3.1519530703273220,-0.7719148616671592,-2.3800382086590512
./opt-HBIL-structures/mp2-VQZ-TMEA/,TMEA-CF3SO3-p1-opt-frag1.out,[H],-958.6204087434146004,-1.9692949803865301,-0.5152297448769256,-1.4540652355085615
./opt-HBIL-structures/mp2-VQZ-TMEA/,TMEA-CF3SO3-p1-opt-frag0.out,[H],-251.8252372948722382,-1.1687888128073418,-0.2503413122361504,-0.9184475005693267
./opt-HBIL-structures/mp2-VQZ-TMEA/,TMEA-Cl-p1-opt-frag0.out,[H],-251.8245080359044437,-1.1691068318200795,-0.2504692647718557,-0.9186375670465570
./opt-HBIL-structures/mp2-VQZ-TMEA/,TMEA-Cl-p1-opt-all.out,[H],-711.5375939589727068,-1.4023454307677161,-0.3087776982666043,-1.0935677324957302
./opt-HBIL-structures/mp2-VQZ-TMEA/,TMEA-Cl-p1-opt-frag1.out,[H],-459.5728227942067861,-0.2209511063789541,-0.0525488551279843,-0.1684022512509698
./opt-HBIL-structures/mp2-VQZ-TMEA/,TMEA-mOSO3-p1-opt-all.out,[H],-988.7524457352075160,-2.6140581443712789,-0.6221263075799464,-1.9919318367806254
./opt-HBIL-structures/mp2-VQZ-TMEA/,TMEA-mOSO3-p1-opt-frag0.out,[H],-251.8251728215492449,-1.1688350492106474,-0.2503602239485619,-0.9184748252602439
./opt-HBIL-structures/mp2-VQZ-TMEA/,TMEA-mSO3-p1-opt-all.out,[H],-913.8614962736713778,-2.3627861095853948,-0.5562532753844071,-1.8065328341996811
./opt-HBIL-structures/mp2-VQZ-TMEA/,TMEA-mOSO3-p1-opt-frag1.out,[H],-736.7971169661834665,-1.4314631199831978,-0.3653407716653194,-1.0661223483175712
./opt-HBIL-structures/mp2-VQZ-TMEA/,TMEA-mSO3-p1-opt-frag0.out,[H],-251.8250497257780580,-1.1688851556254429,-0.2503772031617796,-0.9185079524618743
./opt-HBIL-structures/mp2-VQZ-TMEA/,TMEA-mSO3-p1-opt-frag1.out,[H],-661.8979389920687026,-1.1806339468591640,-0.2995104429606733,-0.8811235038970120
./opt-HBIL-structures/mp2-VQZ-TMEA/,TMEA-NO3-p1-opt-all.out,[H],-531.0098266344691638,-2.1778861134182970,-0.5195145573414783,-1.6583715560698531
./opt-HBIL-structures/mp2-VQZ-TMEA/,TMEA-NO3-p1-opt-frag0.out,[H],-251.8245172818784567,-1.1690686081793769,-0.2504597867218167,-0.9186088214558198
./opt-HBIL-structures/mp2-VQZ-TMEA/,TMEA-NO3-p1-opt-frag1.out,[H],-279.0531279651370369,-0.9957026770261792,-0.2629797715594757,-0.7327229054664015
./opt-HBIL-structures/mp2-VQZ-TMEA/,TMEA-TFA-p1-opt-all.out,[H],-776.0307282608772539,-2.8413445079019950,-0.6876653243966790,-2.1536791834994053
./opt-HBIL-structures/mp2-VQZ-TMEA/,TMEA-TFA-p1-opt-frag0.out,[H],-251.8245919559830668,-1.1690807344529897,-0.2504874120307199,-0.9185933224202043
./opt-HBIL-structures/mp2-VQZ-TMEA/,TMEA-TFA-p1-opt-frag1.out,[H],-524.0801623560550979,-1.6583417997272496,-0.4305978328651048,-1.2277439668613519
./gasopt-HBIL-structures/srs-mp2-mim/,mim-CF3SO3-p2-gasopt-all.out,[H],-1223.0161363778738632,-2.8775126576286949,-0.7596837700827971,-2.1178288875449955
./gasopt-HBIL-structures/srs-mp2-mim/,mim-Cl-p1-gasopt-all.out,[H],-724.0493714294277652,-1.2695005385493585,-0.3194208823366836,-0.9500796562089667
./gasopt-HBIL-structures/srs-mp2-mim/,mim-Cl-p2-gasopt-frag1.out,[H],-459.5646668064218829,-0.1969193331896146,-0.0493668449821790,-0.1475524882074356
./gasopt-HBIL-structures/srs-mp2-mim/,mim-Cl-p1-gasopt-frag0.out,[H],-263.9349250109315221,-1.0563383593864846,-0.2663475925343136,-0.7899907668514859
./gasopt-HBIL-structures/srs-mp2-mim/,mim-Cl-p1-gasopt-frag1.out,[H],-460.1003265149839763,-0.2035235019734865,-0.0473441734950907,-0.1561793284783944
./gasopt-HBIL-structures/srs-mp2-mim/,mim-CF3SO3-p1-gasopt-all.out,[H],-1223.0097833877152880,-2.8686785474789165,-0.7557145489509620,-2.1129639985270163
./gasopt-HBIL-structures/srs-mp2-mim/,mim-Cl-p2-gasopt-all.out,[H],-724.0294902824883820,-1.2613407215395340,-0.3162392894222365,-0.9451014321157581
./gasopt-HBIL-structures/srs-mp2-mim/,mim-Cl-p2-gasopt-frag0.out,[H],-264.3074012270187723,-1.0495680965112213,-0.2600126111792451,-0.7895554853307493
./gasopt-HBIL-structures/srs-mp2-mim/,mim-CF3SO3-p1-gasopt-frag0.out,[H],-264.3247871351131835,-1.0446502833081344,-0.2588576316550374,-0.7857926516527306
./gasopt-HBIL-structures/srs-mp2-mim/,mim-CF3SO3-p1-gasopt-frag1.out,[H],-958.5544244428374441,-1.8081350424674867,-0.4893668689023131,-1.3187681735650023
./gasopt-HBIL-structures/srs-mp2-mim/,mim-CF3SO3-p2-gasopt-frag0.out,[H],-263.9351121582122914,-1.0562928265098421,-0.2663771545093636,-0.7899156719996642
./gasopt-HBIL-structures/srs-mp2-mim/,mim-CF3SO3-p2-gasopt-frag1.out,[H],-959.0338555141713641,-1.8127661855242387,-0.4877044722078814,-1.3250617133159310
./gasopt-HBIL-structures/srs-mp2-mim/,mim-mOSO3-p1-gasopt-frag1.out,[H],-736.7476752373981981,-1.3241507184770895,-0.3485704940318931,-0.9755802244449600
./gasopt-HBIL-structures/srs-mp2-mim/,mim-mOSO3-p1-gasopt-frag0.out,[H],-264.3239978050503396,-1.0443781475704885,-0.2587781917075688,-0.7855999558625421
./gasopt-HBIL-structures/srs-mp2-mim/,mim-mOSO3-p1-gasopt-all.out,[H],-1001.2088411132054944,-2.3871649768758636,-0.6161879650365560,-1.7709770118372734
./gasopt-HBIL-structures/srs-mp2-mim/,mim-mSO3-p1-gasopt-frag1.out,[H],-662.3803502284179103,-1.0880582728785058,-0.2813801636216387,-0.8066781092565894
./gasopt-HBIL-structures/srs-mp2-mim/,mim-mSO3-p2-gasopt-all.out,[H],-926.3295243522152305,-2.1538892595489529,-0.5533501569539192,-1.6005391025917435
./gasopt-HBIL-structures/srs-mp2-mim/,mim-mSO3-p2-gasopt-frag0.out,[H],-264.3150843383592132,-1.0452533567039408,-0.2589968784325430,-0.7862564782705734
./gasopt-HBIL-structures/srs-mp2-mim/,mim-mSO3-p1-gasopt-all.out,[H],-926.3462277952293107,-2.1532950343463919,-0.5530426620468135,-1.6002523722975734
./gasopt-HBIL-structures/srs-mp2-mim/,mim-mSO3-p1-gasopt-frag0.out,[H],-263.9353885654277292,-1.0563665125929704,-0.2663790280558690,-0.7899874845363275
./gasopt-HBIL-structures/srs-mp2-mim/,mim-mSO3-p2-gasopt-frag1.out,[H],-661.8565340541651949,-1.0891738906638611,-0.2849150864655845,-0.8042588041982179
./gasopt-HBIL-structures/srs-mp2-mim/,mim-NO3-p1-gasopt-frag0.out,[H],-263.9346629147372596,-1.0564519236075904,-0.2663744197869707,-0.7900775038199399
./gasopt-HBIL-structures/srs-mp2-mim/,mim-NO3-p1-gasopt-all.out,[H],-543.5173921165169304,-1.9906047530577908,-0.5198611726009007,-1.4707435804532540
./gasopt-HBIL-structures/srs-mp2-mim/,mim-NO3-p1-gasopt-frag1.out,[H],-279.5530725446361089,-0.9287543933956621,-0.2494872886131358,-0.6792671047822153
./gasopt-HBIL-structures/srs-mp2-mim/,mim-NO3-p2-gasopt-all.out,[H],-543.4860683480962962,-1.9908161111882665,-0.5207553482028879,-1.4700607629849662
./gasopt-HBIL-structures/srs-mp2-mim/,mim-TFA-p1-gasopt-all.out,[H],-788.5040715247198477,-2.5826105117596243,-0.6750371961433069,-1.9075733156122114
./gasopt-HBIL-structures/srs-mp2-mim/,mim-NO3-p2-gasopt-frag0.out,[H],-264.3168602388857380,-1.0450968036711410,-0.2589588825720835,-0.7861379210982515
./gasopt-HBIL-structures/srs-mp2-mim/,mim-NO3-p2-gasopt-frag1.out,[H],-279.0254006337447663,-0.9211892021343172,-0.2507795993727688,-0.6704096027611718
./gasopt-HBIL-structures/srs-mp2-mim/,mim-TFA-p1-gasopt-frag0.out,[H],-264.3182717457189028,-1.0464961819470013,-0.2592740092908612,-0.7872221726557144
./gasopt-HBIL-structures/srs-mp2-mim/,mim-TFA-p1-gasopt-frag1.out,[H],-524.0342034574289301,-1.5253442602437803,-0.4098392263702005,-1.1155050338730668
./gasopt-HBIL-structures/srs-mp2-mim/,mim-TFA-p2-gasopt-all.out,[H],-788.4929253521154351,-2.5873958996915478,-0.6766505594282199,-1.9107453402604357
./gasopt-HBIL-structures/srs-mp2-mim/,mim-TFA-p3-gasopt-all.out,[H],-788.4710176295534438,-2.5901317632514500,-0.6776768632824430,-1.9124548999666171
./gasopt-HBIL-structures/srs-mp2-mim/,mim-TFA-p2-gasopt-frag1.out,[H],-524.0327361665883927,-1.5260013147835958,-0.4098501140365188,-1.1161512007458880
./gasopt-HBIL-structures/srs-mp2-mim/,mim-TFA-p2-gasopt-frag0.out,[H],-264.3171309118128534,-1.0465015695565727,-0.2593451112352173,-0.7871564583209447
./gasopt-HBIL-structures/srs-mp2-mim/,mim-TFA-p3-gasopt-frag1.out,[H],-524.0338418762772790,-1.5258394601529344,-0.4098143003164918,-1.1160251598357021
./gasopt-HBIL-structures/srs-mp2-mim/,mim-TFA-p3-gasopt-frag0.out,[H],-264.3202845921857147,-1.0460061315720288,-0.2591747723779785,-0.7868313591937020
./gasopt-HBIL-structures/srs-mp2-DMEA/,DMEA-mSO3-p1-gasopt-frag1.out,[H],-662.3695488956395820,-1.0900752900405659,-0.2819402236495078,-0.8081350663908627
./gasopt-HBIL-structures/srs-mp2-DMEA/,DMEA-mOSO3-p1-gasopt-frag1.out,[H],-736.7459765302942287,-1.3220911948602745,-0.3479622484435928,-0.9741289464164857
./gasopt-HBIL-structures/srs-mp2-DMEA/,DMEA-NO3-p1-gasopt-frag0.out,[H],-212.3766089445534817,-0.9297301748923956,-0.2068393726242459,-0.7228908022680929
./gasopt-HBIL-structures/srs-mp2-DMEA/,DMEA-NO3-p1-gasopt-frag1.out,[H],-279.5466824058048019,-0.9303835823494107,-0.2499337088227566,-0.6804498735263290
./gasopt-HBIL-structures/srs-mp2-DMEA/,DMEA-Cl-p1-gasopt-all.out,[H],-672.4971486599531545,-1.1464579658023066,-0.2625705136685783,-0.8838874521336106
./gasopt-HBIL-structures/srs-mp2-DMEA/,DMEA-TFA-p1-gasopt-frag0.out,[H],-212.3785725430238642,-0.9300017604985303,-0.2069920326503241,-0.7230097278481705
./gasopt-HBIL-structures/srs-mp2-DMEA/,DMEA-CF3SO3-p1-gasopt-all.out,[H],-1171.4654254896386192,-2.7548668094531674,-0.7020286148511117,-2.0528381945995955
./gasopt-HBIL-structures/srs-mp2-DMEA/,DMEA-TFA-p1-gasopt-frag1.out,[H],-524.5661934337234698,-1.5238634274331997,-0.4058192349894676,-1.1180441924436917
./gasopt-HBIL-structures/srs-mp2-DMEA/,DMEA-CF3SO3-p1-gasopt-frag0.out,[H],-212.7572199433446656,-0.9232020653997096,-0.2013171920477674,-0.7218848733516459
./gasopt-HBIL-structures/srs-mp2-DMEA/,DMEA-mSO3-p1-gasopt-frag0.out,[H],-212.3761501786690644,-0.9297074800016857,-0.2067868275002780,-0.7229206525013483
./gasopt-HBIL-structures/srs-mp2-DMEA/,DMEA-TFA-p1-gasopt-all.out,[H],-736.9706055841081707,-2.4687535583121591,-0.6210762396362133,-1.8476773186730662
./gasopt-HBIL-structures/srs-mp2-DMEA/,DMEA-mOSO3-p1-gasopt-all.out,[H],-949.6700057704183564,-2.2678714438025738,-0.5603865208787179,-1.7074849229203581
./gasopt-HBIL-structures/srs-mp2-DMEA/,DMEA-mOSO3-p1-gasopt-frag0.out,[H],-212.7537569993511397,-0.9239182231155173,-0.2015149160009058,-0.7224033071143310
./gasopt-HBIL-structures/srs-mp2-DMEA/,DMEA-CF3SO3-p1-gasopt-frag1.out,[H],-958.5512190105238233,-1.8082295970033422,-0.4894490094441407,-1.3187805875589940
./gasopt-HBIL-structures/srs-mp2-DMEA/,DMEA-mSO3-p1-gasopt-all.out,[H],-874.7808064043490504,-2.0368250849690979,-0.4980961373279609,-1.5387289476396977
./gasopt-HBIL-structures/srs-mp2-DMEA/,DMEA-NO3-p1-gasopt-all.out,[H],-491.9539647521452821,-1.8716251956337244,-0.4638695351462183,-1.4077556604855930
./gasopt-HBIL-structures/srs-mp2-DMEA/,DMEA-Cl-p1-gasopt-frag0.out,[H],-212.7355443312740704,-0.9267101359138933,-0.2022734542154856,-0.7244366816981317
./gasopt-HBIL-structures/srs-mp2-DMEA/,DMEA-Cl-p1-gasopt-frag1.out,[H],-459.5646668064219398,-0.1969193331896240,-0.0493668449821810,-0.1475524882074430
./gasopt-HBIL-structures/srs-mp2-EtMeNH2/,EtMeNH2-CF3SO3-p1-gasopt-frag0.out,[H],-173.7124365948584455,-0.7461434645176298,-0.1614511808766409,-0.5846922836408079
./gasopt-HBIL-structures/srs-mp2-EtMeNH2/,EtMeNH2-TFA-p1-gasopt-all.out,[H],-697.9320573253992279,-2.2885563799508857,-0.5792690891005057,-1.7092872908476970
./gasopt-HBIL-structures/srs-mp2-EtMeNH2/,EtMeNH2-CF3SO3-p1-gasopt-all.out,[H],-1132.4247095321873076,-2.5768860497220398,-0.6614115172050219,-1.9154745325168048
./gasopt-HBIL-structures/srs-mp2-EtMeNH2/,EtMeNH2-Cl-p1-gasopt-frag0.out,[H],-173.6752094745420720,-0.7519246361421968,-0.1628572046529884,-0.5890674314889537
./gasopt-HBIL-structures/srs-mp2-EtMeNH2/,EtMeNH2-Cl-p1-gasopt-frag1.out,[H],-459.5646668064189839,-0.1969193331896167,-0.0493668449821785,-0.1475524882074382
./gasopt-HBIL-structures/srs-mp2-EtMeNH2/,EtMeNH2-mSO3-p1-gasopt-frag1.out,[H],-661.8522399327999892,-1.0895393577284744,-0.2850194521682128,-0.8045199055602312
./gasopt-HBIL-structures/srs-mp2-EtMeNH2/,EtMeNH2-mOSO3-p1-gasopt-all.out,[H],-910.6311399492792589,-2.0900298123577921,-0.5199991110841009,-1.5700307012733914
./gasopt-HBIL-structures/srs-mp2-EtMeNH2/,EtMeNH2-mOSO3-p1-gasopt-frag0.out,[H],-173.7095648328638049,-0.7466467999264029,-0.1616294640004049,-0.5850173359258209
./gasopt-HBIL-structures/srs-mp2-EtMeNH2/,EtMeNH2-mOSO3-p1-gasopt-frag1.out,[H],-736.7464632976020766,-1.3221477279142944,-0.3479856254664023,-0.9741621024476688
./gasopt-HBIL-structures/srs-mp2-EtMeNH2/,EtMeNH2-mSO3-p1-gasopt-all.out,[H],-835.7451600200400890,-1.8573994177849249,-0.4571328752822555,-1.4002665425015908
./gasopt-HBIL-structures/srs-mp2-EtMeNH2/,EtMeNH2-mSO3-p1-gasopt-frag0.out,[H],-173.7015209771840603,-0.7482450953016718,-0.1620143201355308,-0.5862307751659547
./gasopt-HBIL-structures/srs-mp2-EtMeNH2/,EtMeNH2-NO3-p1-gasopt-all.out,[H],-452.9168511507161838,-1.6916303246601578,-0.4221801461303017,-1.2694501785281853
./gasopt-HBIL-structures/srs-mp2-EtMeNH2/,EtMeNH2-NO3-p1-gasopt-frag0.out,[H],-279.5491230833373493,-0.9301068939888997,-0.2498544985650744,-0.6802523954235007
./gasopt-HBIL-structures/srs-mp2-EtMeNH2/,EtMeNH2-CF3SO3-p1-gasopt-frag1.out,[H],-958.5503986115636508,-1.8087218226254531,-0.4895650719523973,-1.3191567506728497
./gasopt-HBIL-structures/srs-mp2-EtMeNH2/,EtMeNH2-Cl-p1-gasopt-all.out,[H],-633.4538399422416433,-0.9700551295722918,-0.2224806493823648,-0.7475744801898619
./gasopt-HBIL-structures/srs-mp2-EtMeNH2/,EtMeNH2-NO3-p1-gasopt-frag1.out,[H],-173.3386544135661893,-0.7525544985466417,-0.1664708315360372,-0.5860836670103045
./gasopt-HBIL-structures/srs-mp2-EtMeNH2/,EtMeNH2-TFA-p1-gasopt-frag0.out,[H],-173.3393628036522784,-0.7526771334772533,-0.1664800182017823,-0.5861971152752093
./gasopt-HBIL-structures/srs-mp2-EtMeNH2/,EtMeNH2-TFA-p1-gasopt-frag1.out,[H],-524.5682351803104666,-1.5235862054419744,-0.4057560308089454,-1.1178301746329882
./gasopt-HBIL-structures/srs-mp2-EtNH3/,EtNH3-mSO3-p1-gasopt-all.out,[H],-796.7054779024156232,-1.6822832946965123,-0.4174658890875972,-1.2648174056085528
./gasopt-HBIL-structures/srs-mp2-EtNH3/,EtNH3-CF3SO3-p1-gasopt-all.out,[H],-1093.3817042257308003,-2.4036011202378775,-0.6233714977257743,-1.7802296225119252
./gasopt-HBIL-structures/srs-mp2-EtNH3/,EtNH3-CF3SO3-p1-gasopt-frag1.out,[H],-958.5508967316242206,-1.8082823441930760,-0.4894768301049327,-1.3188055140879333
./gasopt-HBIL-structures/srs-mp2-EtNH3/,EtNH3-NO3-p1-gasopt-all.out,[H],-413.8789890679959171,-1.5179418546503811,-0.3834433256968776,-1.1344985289517668
./gasopt-HBIL-structures/srs-mp2-EtNH3/,EtNH3-NO3-p1-gasopt-frag0.out,-134.3133522956127024,,,,
./gasopt-HBIL-structures/srs-mp2-EtNH3/,EtNH3-NO3-p1-gasopt-frag1.out,-279.5756960441880778,,,,
./gasopt-HBIL-structures/srs-mp2-EtNH3/,EtNH3-CF3SO3-p1-gasopt-frag0.out,[H],-134.6623321994399021,-0.5737962180232100,-0.1236105945355606,-0.4501856234876124
./gasopt-HBIL-structures/srs-mp2-EtNH3/,EtNH3-Cl-p1-gasopt-all.out,[H],-594.4143440025334257,-0.7960716581610907,-0.1832473262337732,-0.6128243319272563
./gasopt-HBIL-structures/srs-mp2-EtNH3/,EtNH3-mOSO3-p1-gasopt-frag0.out,-134.3130560579882058,,,,
./gasopt-HBIL-structures/srs-mp2-EtNH3/,EtNH3-mOSO3-p1-gasopt-all.out,[H],-871.5873258698015889,-1.9177626397835450,-0.4816488308193139,-1.4361138089638441
./gasopt-HBIL-structures/srs-mp2-EtNH3/,EtNH3-TFA-p1-gasopt-all.out,[H],-658.8961256128133073,-2.1121074932660795,-0.5394315902344168,-1.5726759030292994
./gasopt-HBIL-structures/srs-mp2-EtNH3/,EtNH3-TFA-p1-gasopt-frag0.out,-134.3128732061746859,,,,
./gasopt-HBIL-structures/srs-mp2-EtNH3/,EtNH3-mSO3-p1-gasopt-frag0.out,-134.3131419578689361,,,,
./gasopt-HBIL-structures/srs-mp2-EtNH3/,EtNH3-TFA-p1-gasopt-frag1.out,-524.6133411979965331,,,,
./gasopt-HBIL-structures/srs-mp2-EtNH3/,EtNH3-Cl-p1-gasopt-frag0.out,[H],-134.5889207406862056,-0.5832716833583320,-0.1256592551721746,-0.4576124281860880
./gasopt-HBIL-structures/srs-mp2-EtNH3/,EtNH3-Cl-p1-gasopt-frag1.out,[H],-459.5646668064262030,-0.1969193331896300,-0.0493668449821833,-0.1475524882074466
./gasopt-HBIL-structures/srs-mp2-EtNH3/,EtNH3-mOSO3-p1-gasopt-frag1.out,-737.2987805061582094,,,,
./gasopt-HBIL-structures/srs-mp2-EtNH3/,EtNH3-mSO3-p1-gasopt-frag1.out,-662.4164227304117958,,,,
./gasopt-HBIL-structures/srs-mp2-mpyr/,mpyr-mSO3-p1-gasopt-frag0.out,[H],-250.6286854922670955,-1.0717502346437249,-0.2426635279499372,-0.8290867066936161
./gasopt-HBIL-structures/srs-mp2-mpyr/,mpyr-NO3-p1-gasopt-all.out,[H],-529.8365534614171111,-2.0200279122534401,-0.5055038017097605,-1.5145241105407692
./gasopt-HBIL-structures/srs-mp2-mpyr/,mpyr-NO3-p1-gasopt-frag0.out,[H],-250.2604315094053504,-1.0765183432219090,-0.2477786793766108,-0.8287396638452248
./gasopt-HBIL-structures/srs-mp2-mpyr/,mpyr-TFA-p1-gasopt-all.out,[H],-774.8530633168409167,-2.6152374588384353,-0.6618295696961380,-1.9534078891396875
./gasopt-HBIL-structures/srs-mp2-mpyr/,mpyr-NO3-p1-gasopt-frag1.out,[H],-279.5468919022554246,-0.9302749371210405,-0.2499044170556244,-0.6803705200650895
./gasopt-HBIL-structures/srs-mp2-mpyr/,mpyr-TFA-p1-gasopt-frag0.out,[H],-250.2607855145853364,-1.0766304592062272,-0.2478400029961373,-0.8287904562100181
./gasopt-HBIL-structures/srs-mp2-mpyr/,mpyr-mSO3-p1-gasopt-all.out,[H],-912.6667846797593029,-2.1860632778206379,-0.5404037546826003,-1.6456595231367357
./gasopt-HBIL-structures/srs-mp2-mpyr/,mpyr-Cl-p1-gasopt-all.out,[H],-710.3823451258735986,-1.2932265709149871,-0.3036758335444451,-0.9895507373703120
./gasopt-HBIL-structures/srs-mp2-mpyr/,mpyr-TFA-p1-gasopt-frag1.out,[H],-524.5668176483251273,-1.5235994507004484,-0.4057403203383094,-1.1178591303620977
./gasopt-HBIL-structures/srs-mp2-mpyr/,mpyr-Cl-p1-gasopt-frag0.out,[H],-250.6277567655515668,-1.0718785328684772,-0.2427432293856849,-0.8291353034823563
./gasopt-HBIL-structures/srs-mp2-mpyr/,mpyr-mSO3-p1-gasopt-frag1.out,[H],-661.8520345071387965,-1.0895345295762802,-0.2850106392735573,-0.8045238903026579
./gasopt-HBIL-structures/srs-mp2-mpyr/,mpyr-CF3SO3-p1-gasopt-frag1.out,[H],-958.5515901854191725,-1.8077978062463325,-0.4893660701797042,-1.3184317360664226
./gasopt-HBIL-structures/srs-mp2-mpyr/,mpyr-Cl-p1-gasopt-frag1.out,[H],-459.5646668064260894,-0.1969193331896252,-0.0493668449821814,-0.1475524882074437
./gasopt-HBIL-structures/srs-mp2-mpyr/,mpyr-CF3SO3-p1-gasopt-all.out,[H],-1209.3477602156353896,-2.9025108113174234,-0.7435477050835508,-2.1589631062318482
./gasopt-HBIL-structures/srs-mp2-mpyr/,mpyr-CF3SO3-p1-gasopt-frag0.out,[H],-250.6439417615202956,-1.0688125506736439,-0.2418211626258937,-0.8269913880475787
./gasopt-HBIL-structures/srs-mp2-TMEA/,TMEA-mOSO3-p1-gasopt-all.out,[H],-988.6891147028715068,-2.4428865398150972,-0.5991186991791962,-1.8437678406348619
./gasopt-HBIL-structures/srs-mp2-TMEA/,TMEA-CF3SO3-p1-gasopt-all.out,[H],-1210.4858545562869949,-2.9290960125203243,-0.7403779999551062,-2.1887180125642240
./gasopt-HBIL-structures/srs-mp2-TMEA/,TMEA-CF3SO3-p1-gasopt-frag0.out,[H],-251.8076205845729874,-1.1017777058379574,-0.2421516231415293,-0.8596260826962296
./gasopt-HBIL-structures/srs-mp2-TMEA/,TMEA-CF3SO3-p1-gasopt-frag1.out,[H],-958.5546001976010757,-1.8075321261117163,-0.4892476115346623,-1.3182845145769153
./gasopt-HBIL-structures/srs-mp2-TMEA/,TMEA-Cl-p1-gasopt-all.out,[H],-711.5149732825447018,-1.3186398150979548,-0.3006529768056461,-1.0179868382904507
./gasopt-HBIL-structures/srs-mp2-TMEA/,TMEA-Cl-p1-gasopt-frag0.out,[H],-251.8054764029604939,-1.1025873399799406,-0.2424457909300163,-0.8601415490495947
./gasopt-HBIL-structures/srs-mp2-TMEA/,TMEA-Cl-p1-gasopt-frag1.out,[H],-459.5646668064150617,-0.1969193331896121,-0.0493668449821771,-0.1475524882074350
./gasopt-HBIL-structures/srs-mp2-TMEA/,TMEA-mOSO3-p1-gasopt-frag1.out,[H],-736.7500473616881891,-1.3209197611741679,-0.3476781361579965,-0.9732416250159680
./gasopt-HBIL-structures/srs-mp2-TMEA/,TMEA-mOSO3-p1-gasopt-frag0.out,[H],-251.8067085752275602,-1.1019102358897366,-0.2421658717498697,-0.8597443641396478
./gasopt-HBIL-structures/srs-mp2-TMEA/,TMEA-mSO3-p1-gasopt-frag0.out,[H],-251.8068513274817519,-1.1019565073480890,-0.2421926162895563,-0.8597638910583227
./gasopt-HBIL-structures/srs-mp2-TMEA/,TMEA-mSO3-p1-gasopt-all.out,[H],-913.8047227321081891,-2.2100037197338560,-0.5360885973966254,-1.6739151223361017
./gasopt-HBIL-structures/srs-mp2-TMEA/,TMEA-NO3-p1-gasopt-all.out,[H],-530.9685006729527004,-2.0418442597262159,-0.5016128955800985,-1.5402313641420686
./gasopt-HBIL-structures/srs-mp2-TMEA/,TMEA-mSO3-p1-gasopt-frag1.out,[H],-661.8572852156650015,-1.0887191454206446,-0.2847837480385788,-0.8039353973820071
./gasopt-HBIL-structures/srs-mp2-TMEA/,TMEA-NO3-p1-gasopt-frag0.out,[H],-251.8070734855468800,-1.1021423095584018,-0.2423202577409195,-0.8598220518173068
./gasopt-HBIL-structures/srs-mp2-TMEA/,TMEA-NO3-p1-gasopt-frag1.out,[H],-279.0255475282659177,-0.9204683363062445,-0.2505739922669358,-0.6698943440390630
./gasopt-HBIL-structures/srs-mp2-TMEA/,TMEA-TFA-p1-gasopt-all.out,[H],-775.9798682990572161,-2.6455117935596535,-0.6607927507686786,-1.9847190427879167
./gasopt-HBIL-structures/srs-mp2-TMEA/,TMEA-TFA-p1-gasopt-frag1.out,[H],-524.0346174914352559,-1.5255477480550077,-0.4098709771988532,-1.1156767708551472
./gasopt-HBIL-structures/srs-mp2-TMEA/,TMEA-TFA-p1-gasopt-frag0.out,[H],-251.8057514700443562,-1.1024417628324212,-0.2424183591504319,-0.8600234036816666
./gasopt-HBIL-structures/hf-aVQZ-DEMA/,DMEA-CF3SO3-p1-gasopt-all.out,-1171.5429578083576416,,,,
./gasopt-HBIL-structures/hf-aVQZ-DEMA/,DMEA-mOSO3-p1-gasopt-all.out,-949.7288279595400127,,,,
./gasopt-HBIL-structures/hf-aVQZ-DEMA/,DMEA-mOSO3-p1-gasopt-frag0.out,-212.7679369717770896,,,,
./gasopt-HBIL-structures/hf-aVQZ-DEMA/,DMEA-Cl-p1-gasopt-frag0.out,-212.7497221716549234,,,,
./gasopt-HBIL-structures/hf-aVQZ-DEMA/,DMEA-Cl-p1-gasopt-frag1.out,-459.5763528788262988,,,,
./gasopt-HBIL-structures/hf-aVQZ-DEMA/,DMEA-CF3SO3-p1-gasopt-frag0.out,-212.7714058874881857,,,,
./gasopt-HBIL-structures/hf-aVQZ-DEMA/,DMEA-Cl-p1-gasopt-all.out,-672.5159873319230428,,,,
./gasopt-HBIL-structures/hf-aVQZ-DEMA/,DMEA-CF3SO3-p1-gasopt-frag1.out,-958.6193291578543949,,,,
./gasopt-HBIL-structures/hf-aVQZ-DEMA/,DMEA-mOSO3-p1-gasopt-frag1.out,-736.7952480294331963,,,,
./gasopt-HBIL-structures/hf-aVQZ-DEMA/,DMEA-mSO3-p1-gasopt-frag0.out,-212.3911076691215385,,,,
./gasopt-HBIL-structures/hf-aVQZ-DEMA/,DMEA-NO3-p1-gasopt-all.out,-491.9912076882537804,,,,
./gasopt-HBIL-structures/hf-aVQZ-DEMA/,DMEA-mSO3-p1-gasopt-all.out,-874.8320609437637358,,,,
./gasopt-HBIL-structures/hf-aVQZ-DEMA/,DMEA-mSO3-p1-gasopt-frag1.out,-662.4077380147296026,,,,
./gasopt-HBIL-structures/hf-aVQZ-DEMA/,DMEA-NO3-p1-gasopt-frag0.out,-212.3915653699525592,,,,
./gasopt-HBIL-structures/hf-aVQZ-DEMA/,DMEA-NO3-p1-gasopt-frag1.out,-279.5706383420182988,,,,
./gasopt-HBIL-structures/hf-aVQZ-DEMA/,DMEA-TFA-p1-gasopt-all.out,-737.0270557518815622,,,,
./gasopt-HBIL-structures/hf-aVQZ-DEMA/,DMEA-TFA-p1-gasopt-frag0.out,-212.3935119397230551,,,,
./gasopt-HBIL-structures/hf-aVQZ-DEMA/,DMEA-TFA-p1-gasopt-frag1.out,-524.6091858142247020,,,,
./gasopt-HBIL-structures/hf-aVQZ-EtMeNH2/,EtMeNH2-CF3SO3-p1-gasopt-all.out,-1132.5001227393131558,,,,
./gasopt-HBIL-structures/hf-aVQZ-EtMeNH2/,EtMeNH2-CF3SO3-p1-gasopt-frag0.out,-173.7241946957477978,,,,
./gasopt-HBIL-structures/hf-aVQZ-EtMeNH2/,EtMeNH2-CF3SO3-p1-gasopt-frag1.out,-958.6184926415513701,,,,
./gasopt-HBIL-structures/hf-aVQZ-EtMeNH2/,EtMeNH2-Cl-p1-gasopt-all.out,-633.4701630685162854,,,,
./gasopt-HBIL-structures/hf-aVQZ-EtMeNH2/,EtMeNH2-Cl-p1-gasopt-frag0.out,-173.6869621553259435,,,,
./gasopt-HBIL-structures/hf-aVQZ-EtMeNH2/,EtMeNH2-Cl-p1-gasopt-frag1.out,-459.5763528788263557,,,,
./gasopt-HBIL-structures/hf-aVQZ-EtMeNH2/,EtMeNH2-mOSO3-p1-gasopt-all.out,-910.6877497760083315,,,,
./gasopt-HBIL-structures/hf-aVQZ-EtMeNH2/,EtMeNH2-mOSO3-p1-gasopt-frag0.out,-173.7213193382769418,,,,
./gasopt-HBIL-structures/hf-aVQZ-EtMeNH2/,EtMeNH2-mOSO3-p1-gasopt-frag1.out,-736.7956955187250969,,,,
./gasopt-HBIL-structures/hf-aVQZ-EtMeNH2/,EtMeNH2-mSO3-p1-gasopt-all.out,-835.7948915238096106,,,,
./gasopt-HBIL-structures/hf-aVQZ-EtMeNH2/,EtMeNH2-mSO3-p1-gasopt-frag0.out,-173.7132467149549200,,,,
./gasopt-HBIL-structures/hf-aVQZ-EtMeNH2/,EtMeNH2-mSO3-p1-gasopt-frag1.out,-661.8958796911624631,,,,
./gasopt-HBIL-structures/hf-aVQZ-EtMeNH2/,EtMeNH2-NO3-p1-gasopt-all.out,-452.9518534796252425,,,,
./gasopt-HBIL-structures/hf-aVQZ-EtMeNH2/,EtMeNH2-NO3-p1-gasopt-frag0.out,-279.5730647473424710,,,,
./gasopt-HBIL-structures/hf-aVQZ-EtMeNH2/,EtMeNH2-NO3-p1-gasopt-frag1.out,-173.3513950394832648,,,,
./gasopt-HBIL-structures/hf-aVQZ-EtMeNH2/,EtMeNH2-TFA-p1-gasopt-all.out,-697.9862379226024132,,,,
./gasopt-HBIL-structures/hf-aVQZ-EtMeNH2/,EtMeNH2-TFA-p1-gasopt-frag0.out,-173.3521145386877720,,,,
./gasopt-HBIL-structures/hf-aVQZ-EtMeNH2/,EtMeNH2-TFA-p1-gasopt-frag1.out,-524.6112135334899449,,,,
./gasopt-HBIL-structures/hf-aVQZ-EtNH3/,EtNH3-CF3SO3-p1-gasopt-all.out,-1093.4543794199034892,,,,
./gasopt-HBIL-structures/hf-aVQZ-EtNH3/,EtNH3-CF3SO3-p1-gasopt-frag0.out,-134.6715604514451172,,,,
./gasopt-HBIL-structures/hf-aVQZ-EtNH3/,EtNH3-CF3SO3-p1-gasopt-frag1.out,-958.6189442386404380,,,,
./gasopt-HBIL-structures/hf-aVQZ-EtNH3/,EtNH3-Cl-p1-gasopt-all.out,-594.4280301809752700,,,,
./gasopt-HBIL-structures/hf-aVQZ-EtNH3/,EtNH3-Cl-p1-gasopt-frag0.out,-134.5981914728671711,,,,
./gasopt-HBIL-structures/hf-aVQZ-EtNH3/,EtNH3-Cl-p1-gasopt-frag1.out,-459.5763528788390317,,,,
./gasopt-HBIL-structures/hf-aVQZ-EtNH3/,EtNH3-mOSO3-p1-gasopt-frag0.out,-134.3130560577911297,,,,
./gasopt-HBIL-structures/hf-aVQZ-EtNH3/,EtNH3-mOSO3-p1-gasopt-all.out,-871.6407334224072656,,,,
./gasopt-HBIL-structures/hf-aVQZ-EtNH3/,EtNH3-mOSO3-p1-gasopt-frag1.out,-737.2987805061572999,,,,
./gasopt-HBIL-structures/hf-aVQZ-EtNH3/,EtNH3-mSO3-p1-gasopt-all.out,-796.7521247055364029,,,,
./gasopt-HBIL-structures/hf-aVQZ-EtNH3/,EtNH3-mSO3-p1-gasopt-frag1.out,-662.4164227304131600,,,,
./gasopt-HBIL-structures/hf-aVQZ-EtNH3/,EtNH3-mSO3-p1-gasopt-frag0.out,-134.3131419578852501,,,,
./gasopt-HBIL-structures/hf-aVQZ-EtNH3/,EtNH3-NO3-p1-gasopt-all.out,-413.9114243451718949,,,,
./gasopt-HBIL-structures/hf-aVQZ-EtNH3/,EtNH3-NO3-p1-gasopt-frag0.out,-134.3133522956123329,,,,
./gasopt-HBIL-structures/hf-aVQZ-EtNH3/,EtNH3-NO3-p1-gasopt-frag1.out,-279.5756960441879073,,,,
./gasopt-HBIL-structures/hf-aVQZ-EtNH3/,EtNH3-TFA-p1-gasopt-frag0.out,-134.3128732061745438,,,,
./gasopt-HBIL-structures/hf-aVQZ-EtNH3/,EtNH3-TFA-p1-gasopt-frag1.out,-524.6133411979974426,,,,
./gasopt-HBIL-structures/hf-aVQZ-EtNH3/,EtNH3-TFA-p1-gasopt-all.out,-658.9480731953898385,,,,
./gasopt-HBIL-structures/hf-aVQZ-mpyr/,mpyr-CF3SO3-p1-gasopt-frag1.out,-958.6197068152730481,,,,
./gasopt-HBIL-structures/hf-aVQZ-mpyr/,mpyr-CF3SO3-p1-gasopt-all.out,-1209.4270685566896191,,,,
./gasopt-HBIL-structures/hf-aVQZ-mpyr/,mpyr-CF3SO3-p1-gasopt-frag0.out,-250.6602752064314359,,,,
./gasopt-HBIL-structures/hf-aVQZ-mpyr/,mpyr-Cl-p1-gasopt-all.out,-710.4032020977631419,,,,
./gasopt-HBIL-structures/hf-aVQZ-mpyr/,mpyr-Cl-p1-gasopt-frag0.out,-250.6440776152024910,,,,
./gasopt-HBIL-structures/hf-aVQZ-mpyr/,mpyr-Cl-p1-gasopt-frag1.out,-459.5763528788392591,,,,
./gasopt-HBIL-structures/hf-aVQZ-mpyr/,mpyr-mSO3-p1-gasopt-all.out,-912.7202956181772606,,,,
./gasopt-HBIL-structures/hf-aVQZ-mpyr/,mpyr-mSO3-p1-gasopt-frag0.out,-250.6450028575123383,,,,
./gasopt-HBIL-structures/hf-aVQZ-mpyr/,mpyr-mSO3-p1-gasopt-frag1.out,-661.8956849824558049,,,,
./gasopt-HBIL-structures/hf-aVQZ-mpyr/,mpyr-NO3-p1-gasopt-all.out,-529.8758078656039743,,,,
./gasopt-HBIL-structures/hf-aVQZ-mpyr/,mpyr-NO3-p1-gasopt-frag0.out,-250.2775087034523267,,,,
./gasopt-HBIL-structures/hf-aVQZ-mpyr/,mpyr-NO3-p1-gasopt-frag1.out,-279.5708472446740416,,,,
./gasopt-HBIL-structures/hf-aVQZ-mpyr/,mpyr-TFA-p1-gasopt-all.out,-774.9116716420667217,,,,
./gasopt-HBIL-structures/hf-aVQZ-mpyr/,mpyr-TFA-p1-gasopt-frag0.out,-250.2778933668089394,,,,
./gasopt-HBIL-structures/hf-aVQZ-mpyr/,mpyr-TFA-p1-gasopt-frag1.out,-524.6098219277973840,,,,
./gasopt-HBIL-structures/hf-aVQZ-TMEA/,TMEA-CF3SO3-p1-gasopt-all.out,-1210.5663821360831207,,,,
./gasopt-HBIL-structures/hf-aVQZ-TMEA/,TMEA-CF3SO3-p1-gasopt-frag0.out,-251.8242546031721645,,,,
./gasopt-HBIL-structures/hf-aVQZ-TMEA/,TMEA-CF3SO3-p1-gasopt-frag1.out,-958.6227171569806842,,,,
./gasopt-HBIL-structures/hf-aVQZ-TMEA/,TMEA-Cl-p1-gasopt-all.out,-711.5367865797988998,,,,
./gasopt-HBIL-structures/hf-aVQZ-TMEA/,TMEA-Cl-p1-gasopt-frag0.out,-251.8221295119087131,,,,
./gasopt-HBIL-structures/hf-aVQZ-TMEA/,TMEA-Cl-p1-gasopt-frag1.out,-459.5763528788280610,,,,
./gasopt-HBIL-structures/hf-aVQZ-TMEA/,TMEA-mOSO3-p1-gasopt-all.out,-988.7509497912585630,,,,
./gasopt-HBIL-structures/hf-aVQZ-TMEA/,TMEA-mOSO3-p1-gasopt-frag0.out,-251.8233378264585554,,,,
./gasopt-HBIL-structures/hf-aVQZ-TMEA/,TMEA-mOSO3-p1-gasopt-frag1.out,-736.7993358048017853,,,,
./gasopt-HBIL-structures/hf-aVQZ-TMEA/,TMEA-mSO3-p1-gasopt-all.out,-913.8597614301825161,,,,
./gasopt-HBIL-structures/hf-aVQZ-TMEA/,TMEA-mSO3-p1-gasopt-frag0.out,-251.8234811495167946,,,,
./gasopt-HBIL-structures/hf-aVQZ-TMEA/,TMEA-mSO3-p1-gasopt-frag1.out,-661.9008778478873865,,,,
./gasopt-HBIL-structures/hf-aVQZ-TMEA/,TMEA-NO3-p1-gasopt-all.out,-531.0098587589035333,,,,
./gasopt-HBIL-structures/hf-aVQZ-TMEA/,TMEA-NO3-p1-gasopt-frag1.out,-279.0562483366662150,,,,
./gasopt-HBIL-structures/hf-aVQZ-TMEA/,TMEA-NO3-p1-gasopt-frag0.out,-251.8237159518155863,,,,
./gasopt-HBIL-structures/hf-aVQZ-TMEA/,TMEA-TFA-p1-gasopt-all.out,-776.0401611618760853,,,,
./gasopt-HBIL-structures/hf-aVQZ-TMEA/,TMEA-TFA-p1-gasopt-frag0.out,-251.8224080966357405,,,,
./gasopt-HBIL-structures/hf-aVQZ-TMEA/,TMEA-TFA-p1-gasopt-frag1.out,-524.0838721274424188,,,,
./gasopt-HBIL-structures/hf-aVQZ-mim/,mim-CF3SO3-p1-gasopt-all.out,-1223.0919014322596468,,,,
./gasopt-HBIL-structures/hf-aVQZ-mim/,mim-CF3SO3-p1-gasopt-frag0.out,-264.3425623974591190,,,,
./gasopt-HBIL-structures/hf-aVQZ-mim/,mim-CF3SO3-p1-gasopt-frag1.out,-958.6224845740028968,,,,
./gasopt-HBIL-structures/hf-aVQZ-mim/,mim-CF3SO3-p2-gasopt-all.out,-1223.0972776017651995,,,,
./gasopt-HBIL-structures/hf-aVQZ-mim/,mim-CF3SO3-p2-gasopt-frag0.out,-263.9540490410959137,,,,
./gasopt-HBIL-structures/hf-aVQZ-mim/,mim-CF3SO3-p2-gasopt-frag1.out,-959.0974001019515072,,,,
./gasopt-HBIL-structures/hf-aVQZ-mim/,mim-Cl-p1-gasopt-all.out,-724.0719233249458284,,,,
./gasopt-HBIL-structures/hf-aVQZ-mim/,mim-Cl-p1-gasopt-frag0.out,-263.9538273374967616,,,,
./gasopt-HBIL-structures/hf-aVQZ-mim/,mim-Cl-p1-gasopt-frag1.out,-460.1047489409110085,,,,
./gasopt-HBIL-structures/hf-aVQZ-mim/,mim-Cl-p2-gasopt-all.out,-724.0530995555877780,,,,
./gasopt-HBIL-structures/hf-aVQZ-mim/,mim-Cl-p2-gasopt-frag0.out,-264.3250896953042570,,,,
./gasopt-HBIL-structures/hf-aVQZ-mim/,mim-Cl-p2-gasopt-frag1.out,-459.5763528788344274,,,,
./gasopt-HBIL-structures/hf-aVQZ-mim/,mim-mOSO3-p1-gasopt-all.out,-1001.2718167212392473,,,,
./gasopt-HBIL-structures/hf-aVQZ-mim/,mim-mOSO3-p1-gasopt-frag0.out,-264.3417871583847045,,,,
./gasopt-HBIL-structures/hf-aVQZ-mim/,mim-mOSO3-p1-gasopt-frag1.out,-736.7965738320638138,,,,
./gasopt-HBIL-structures/hf-aVQZ-mim/,mim-mSO3-p1-gasopt-all.out,-926.4020428006522252,,,,
./gasopt-HBIL-structures/hf-aVQZ-mim/,mim-mSO3-p1-gasopt-frag0.out,-263.9543076677355202,,,,
./gasopt-HBIL-structures/hf-aVQZ-mim/,mim-mSO3-p1-gasopt-frag1.out,-662.4185710289759754,,,,
./gasopt-HBIL-structures/hf-aVQZ-mim/,mim-mSO3-p2-gasopt-all.out,-926.3859125980106910,,,,
./gasopt-HBIL-structures/hf-aVQZ-mim/,mim-NO3-p1-gasopt-all.out,-543.5590994255278474,,,,
./gasopt-HBIL-structures/hf-aVQZ-mim/,mim-mSO3-p2-gasopt-frag0.out,-264.3328349053123816,,,,
./gasopt-HBIL-structures/hf-aVQZ-mim/,mim-mSO3-p2-gasopt-frag1.out,-661.9000433867314541,,,,
./gasopt-HBIL-structures/hf-aVQZ-mim/,mim-NO3-p1-gasopt-frag0.out,-263.9535668280811933,,,,
./gasopt-HBIL-structures/hf-aVQZ-mim/,mim-NO3-p1-gasopt-frag1.out,-279.5770383852868122,,,,
./gasopt-HBIL-structures/hf-aVQZ-mim/,mim-NO3-p2-gasopt-all.out,-543.5289222808187333,,,,
./gasopt-HBIL-structures/hf-aVQZ-mim/,mim-NO3-p2-gasopt-frag0.out,-264.3346279045040887,,,,
./gasopt-HBIL-structures/hf-aVQZ-mim/,mim-NO3-p2-gasopt-frag1.out,-279.0560455393273855,,,,
./gasopt-HBIL-structures/hf-aVQZ-mim/,mim-TFA-p1-gasopt-all.out,-788.5660281585317080,,,,
./gasopt-HBIL-structures/hf-aVQZ-mim/,mim-TFA-p1-gasopt-frag0.out,-264.3359769058308757,,,,
./gasopt-HBIL-structures/hf-aVQZ-mim/,mim-TFA-p1-gasopt-frag1.out,-524.0834883074358004,,,,
./gasopt-HBIL-structures/hf-aVQZ-mim/,mim-TFA-p2-gasopt-all.out,-788.5548053815805361,,,,
./gasopt-HBIL-structures/hf-aVQZ-mim/,mim-TFA-p2-gasopt-frag0.out,-264.3348383123870917,,,,
./gasopt-HBIL-structures/hf-aVQZ-mim/,mim-TFA-p3-gasopt-frag0.out,-264.3380128487928005,,,,
./gasopt-HBIL-structures/hf-aVQZ-mim/,mim-TFA-p2-gasopt-frag1.out,-524.0819242348862872,,,,
./gasopt-HBIL-structures/hf-aVQZ-mim/,mim-TFA-p3-gasopt-frag1.out,-524.0830008492889647,,,,
./gasopt-HBIL-structures/hf-aVQZ-mim/,mim-TFA-p3-gasopt-all.out,-788.5338579119638780,,,,
./gasopt-HBIL-structures/mp2-VQZ-DMEA/,DMEA-CF3SO3-p1-gasopt-all.out,[H],-1171.5395962275852071,-2.9717415160443754,-0.7343187452804590,-2.2374227707607912
./gasopt-HBIL-structures/mp2-VQZ-DMEA/,DMEA-CF3SO3-p1-gasopt-frag0.out,[H],-212.7710066990294706,-0.9800580152573114,-0.2081366686311674,-0.7719213466242838
./gasopt-HBIL-structures/mp2-VQZ-DMEA/,DMEA-CF3SO3-p1-gasopt-frag1.out,[H],-958.6151175181713597,-1.9701878279046643,-0.5155147949732173,-1.4546730329311615
./gasopt-HBIL-structures/mp2-VQZ-DMEA/,DMEA-Cl-p1-gasopt-all.out,[H],-672.5152257681243100,-1.2262164351303879,-0.2724453842909161,-0.9537710508331971
./gasopt-HBIL-structures/mp2-VQZ-DMEA/,DMEA-Cl-p1-gasopt-frag0.out,[H],-212.7493218109795521,-0.9835661998775613,-0.2091208987582831,-0.7744453011171843
./gasopt-HBIL-structures/mp2-VQZ-DMEA/,DMEA-Cl-p1-gasopt-frag1.out,[H],-459.5728227942104240,-0.2209511063789752,-0.0525488551279920,-0.1684022512509832
./gasopt-HBIL-structures/mp2-VQZ-DMEA/,DMEA-mOSO3-p1-gasopt-all.out,[H],-949.7263587164507044,-2.4334031375879319,-0.5843590991463731,-1.8490440384372042
./gasopt-HBIL-structures/mp2-VQZ-DMEA/,DMEA-mOSO3-p1-gasopt-frag1.out,[H],-736.7918363709723053,-1.4324849306537573,-0.3656434032515882,-1.0668415274018812
./gasopt-HBIL-structures/mp2-VQZ-DMEA/,DMEA-mOSO3-p1-gasopt-frag0.out,[H],-212.7675370774388171,-0.9807665074356497,-0.2083384536465910,-0.7724280537873165
./gasopt-HBIL-structures/mp2-VQZ-DMEA/,DMEA-mSO3-p1-gasopt-all.out,[H],-874.8300315336673521,-2.1830633495293408,-0.5188674062684850,-1.6641959432591451
./gasopt-HBIL-structures/mp2-VQZ-DMEA/,DMEA-mSO3-p1-gasopt-frag0.out,[H],-212.3904504376526177,-0.9878528836987992,-0.2140591929026721,-0.7737936907940477
./gasopt-HBIL-structures/mp2-VQZ-DMEA/,DMEA-mSO3-p1-gasopt-frag1.out,[H],-662.4059477416963091,-1.1778564531825464,-0.2953187803998343,-0.8825376727824314
./gasopt-HBIL-structures/mp2-VQZ-DMEA/,DMEA-NO3-p1-gasopt-all.out,[H],-491.9893492234284054,-2.0004708606602692,-0.4821013021684639,-1.5183695584732588
./gasopt-HBIL-structures/mp2-VQZ-DMEA/,DMEA-NO3-p1-gasopt-frag0.out,[H],-212.3909089075238512,-0.9878831957852491,-0.2141135606228768,-0.7737696351603292
./gasopt-HBIL-structures/mp2-VQZ-DMEA/,DMEA-NO3-p1-gasopt-frag1.out,[H],-279.5690304378330779,-1.0006780299049649,-0.2607535084010039,-0.7399245215019405
./gasopt-HBIL-structures/mp2-VQZ-DMEA/,DMEA-TFA-p1-gasopt-all.out,[H],-737.0247499085335221,-2.6555928929576225,-0.6478486137161199,-2.0077442792376332
./gasopt-HBIL-structures/mp2-VQZ-DMEA/,DMEA-TFA-p1-gasopt-frag0.out,[H],-212.3928683180700716,-0.9881576240189351,-0.2142817422236289,-0.7738758817940560
./gasopt-HBIL-structures/mp2-VQZ-DMEA/,DMEA-TFA-p1-gasopt-frag1.out,[H],-524.6071845821912802,-1.6523184565163831,-0.4252252182664152,-1.2270932382477682
./gasopt-HBIL-structures/mp2-VQZ-EtMeNH2/,EtMeNH2-CF3SO3-p1-gasopt-all.out,[H],-1132.4967703994436761,-2.7835082249320955,-0.6924332627985753,-2.0910749621303224
./gasopt-HBIL-structures/mp2-VQZ-EtMeNH2/,EtMeNH2-CF3SO3-p1-gasopt-frag0.out,[H],-173.7238517545379182,-0.7925598000890319,-0.1669377202439778,-0.6256220798448384
./gasopt-HBIL-structures/mp2-VQZ-EtMeNH2/,EtMeNH2-CF3SO3-p1-gasopt-frag1.out,[H],-958.6142886292670937,-1.9706593637775534,-0.5156293099458200,-1.4550300538314507
./gasopt-HBIL-structures/mp2-VQZ-EtMeNH2/,EtMeNH2-Cl-p1-gasopt-all.out,[H],-633.4694676305465464,-1.0392161276899390,-0.2309790520216050,-0.8082370756616464
./gasopt-HBIL-structures/mp2-VQZ-EtMeNH2/,EtMeNH2-mOSO3-p1-gasopt-all.out,[H],-910.6852880804444794,-2.2453158436476093,-0.5426850141273061,-1.7026308295155512
./gasopt-HBIL-structures/mp2-VQZ-EtMeNH2/,EtMeNH2-Cl-p1-gasopt-frag0.out,[H],-173.6866069060698408,-0.7983073882211367,-0.1683782294572018,-0.6299291587636299
./gasopt-HBIL-structures/mp2-VQZ-EtMeNH2/,EtMeNH2-Cl-p1-gasopt-frag1.out,[H],-459.5728227942032618,-0.2209511063789701,-0.0525488551279913,-0.1684022512509788
./gasopt-HBIL-structures/mp2-VQZ-EtMeNH2/,EtMeNH2-mOSO3-p1-gasopt-frag0.out,[H],-173.7209745167543815,-0.7930414949328382,-0.1671060922529143,-0.6259354026796999
./gasopt-HBIL-structures/mp2-VQZ-EtMeNH2/,EtMeNH2-mOSO3-p1-gasopt-frag1.out,[H],-736.7922855785091087,-1.4325697008790950,-0.3656785049957362,-1.0668911958830452
./gasopt-HBIL-structures/mp2-VQZ-EtMeNH2/,EtMeNH2-mSO3-p1-gasopt-all.out,[H],-835.7926775519389366,-1.9940981122576544,-0.4768446439865207,-1.5172534682697714
./gasopt-HBIL-structures/mp2-VQZ-EtMeNH2/,EtMeNH2-mSO3-p1-gasopt-frag0.out,[H],-173.7129021659597754,-0.7946160403260567,-0.1675049692695658,-0.6271110710562682
./gasopt-HBIL-structures/mp2-VQZ-EtMeNH2/,EtMeNH2-NO3-p1-gasopt-frag0.out,[H],-279.5714671999713232,-1.0003771571743456,-0.2606614515991516,-0.7397157055731366
./gasopt-HBIL-structures/mp2-VQZ-EtMeNH2/,EtMeNH2-mSO3-p1-gasopt-frag1.out,[H],-661.8922769141374829,-1.1815786622053055,-0.2998030446972819,-0.8817756175061878
./gasopt-HBIL-structures/mp2-VQZ-EtMeNH2/,EtMeNH2-NO3-p1-gasopt-all.out,[H],-452.9500091311109600,-1.8100014433518639,-0.4390600994067029,-1.3709413439258606
./gasopt-HBIL-structures/mp2-VQZ-EtMeNH2/,EtMeNH2-NO3-p1-gasopt-frag1.out,[H],-173.3506937988566392,-0.8003063013793329,-0.1724387580740543,-0.6278675433020031
./gasopt-HBIL-structures/mp2-VQZ-EtMeNH2/,EtMeNH2-TFA-p1-gasopt-frag0.out,[H],-173.3514198042094847,-0.8004467516169977,-0.1724636402784541,-0.6279831113360612
./gasopt-HBIL-structures/mp2-VQZ-EtMeNH2/,EtMeNH2-TFA-p1-gasopt-all.out,[H],-697.9839558347655384,-2.4649204588817004,-0.6046772010567480,-1.8602432578212729
./gasopt-HBIL-structures/mp2-VQZ-EtMeNH2/,EtMeNH2-TFA-p1-gasopt-frag1.out,[H],-524.6092205166651183,-1.6520256593265701,-0.4251513982001385,-1.2268742611242771
./gasopt-HBIL-structures/mp2-VQZ-EtNH3/,EtNH3-CF3SO3-p1-gasopt-all.out,-1093.4543794199066724,,,,
./gasopt-HBIL-structures/mp2-VQZ-EtNH3/,EtNH3-CF3SO3-p1-gasopt-frag0.out,-134.6715604514444635,,,,
./gasopt-HBIL-structures/mp2-VQZ-EtNH3/,EtNH3-CF3SO3-p1-gasopt-frag1.out,-958.6189442386404380,,,,
./gasopt-HBIL-structures/mp2-VQZ-EtNH3/,EtNH3-Cl-p1-gasopt-all.out,-594.4280301809752700,,,,
./gasopt-HBIL-structures/mp2-VQZ-EtNH3/,EtNH3-mOSO3-p1-gasopt-all.out,-871.6407334224072656,,,,
./gasopt-HBIL-structures/mp2-VQZ-EtNH3/,EtNH3-Cl-p1-gasopt-frag0.out,-134.5981914725091428,,,,
./gasopt-HBIL-structures/mp2-VQZ-EtNH3/,EtNH3-Cl-p1-gasopt-frag1.out,-459.5763528788388612,,,,
./gasopt-HBIL-structures/mp2-VQZ-EtNH3/,EtNH3-mOSO3-p1-gasopt-frag0.out,-134.3130560579875805,,,,
./gasopt-HBIL-structures/mp2-VQZ-EtNH3/,EtNH3-mOSO3-p1-gasopt-frag1.out,-737.2987805061582094,,,,
./gasopt-HBIL-structures/mp2-VQZ-EtNH3/,EtNH3-mSO3-p1-gasopt-frag1.out,-662.4164227304117958,,,,
./gasopt-HBIL-structures/mp2-VQZ-EtNH3/,EtNH3-mSO3-p1-gasopt-all.out,-796.7521247055361755,,,,
./gasopt-HBIL-structures/mp2-VQZ-EtNH3/,EtNH3-NO3-p1-gasopt-all.out,-413.9114243451725201,,,,
./gasopt-HBIL-structures/mp2-VQZ-EtNH3/,EtNH3-mSO3-p1-gasopt-frag0.out,-134.3131419578689361,,,,
./gasopt-HBIL-structures/mp2-VQZ-EtNH3/,EtNH3-NO3-p1-gasopt-frag0.out,-134.3133522956125603,,,,
./gasopt-HBIL-structures/mp2-VQZ-EtNH3/,EtNH3-TFA-p1-gasopt-all.out,-658.9480731953891564,,,,
./gasopt-HBIL-structures/mp2-VQZ-EtNH3/,EtNH3-NO3-p1-gasopt-frag1.out,-279.5756960441881347,,,,
./gasopt-HBIL-structures/mp2-VQZ-EtNH3/,EtNH3-TFA-p1-gasopt-frag1.out,-524.6133411979966468,,,,
./gasopt-HBIL-structures/mp2-VQZ-EtNH3/,EtNH3-TFA-p1-gasopt-frag0.out,-134.3128732061747996,,,,
./gasopt-HBIL-structures/mp2-VQZ-mpyr/,mpyr-CF3SO3-p1-gasopt-all.out,[H],-1209.4236906744008593,-3.1286646158583742,-0.7771177633539980,-2.3515468525017655
./gasopt-HBIL-structures/mp2-VQZ-mpyr/,mpyr-CF3SO3-p1-gasopt-frag1.out,[H],-958.6154793158102621,-1.9697800809262240,-0.5154349431839598,-1.4543451377419778
./gasopt-HBIL-structures/mp2-VQZ-mpyr/,mpyr-Cl-p1-gasopt-all.out,[H],-710.4023907968357889,-1.3823222056638533,-0.3148444553888449,-1.0674777502547756
./gasopt-HBIL-structures/mp2-VQZ-mpyr/,mpyr-CF3SO3-p1-gasopt-frag0.out,[H],-250.6597953667823049,-1.1349574278076067,-0.2499302844619773,-0.8850271433435875
./gasopt-HBIL-structures/mp2-VQZ-mpyr/,mpyr-Cl-p1-gasopt-frag0.out,[H],-250.6435970764149488,-1.1379579829734876,-0.2508503431325445,-0.8871076398404472
./gasopt-HBIL-structures/mp2-VQZ-mpyr/,mpyr-Cl-p1-gasopt-frag1.out,[H],-459.5728227942046829,-0.2209511063789497,-0.0525488551279835,-0.1684022512509661
./gasopt-HBIL-structures/mp2-VQZ-mpyr/,mpyr-mSO3-p1-gasopt-all.out,[H],-912.7181329227942115,-2.3421392547627007,-0.5626656990978545,-1.7794735556631398
./gasopt-HBIL-structures/mp2-VQZ-mpyr/,mpyr-mSO3-p1-gasopt-frag1.out,[H],-661.8920900476932729,-1.1815611642429076,-0.2997900008930658,-0.8817711633478569
./gasopt-HBIL-structures/mp2-VQZ-mpyr/,mpyr-mSO3-p1-gasopt-frag0.out,[H],-250.6445196870305381,-1.1379020245921012,-0.2507989031920944,-0.8871031213979412
./gasopt-HBIL-structures/mp2-VQZ-mpyr/,mpyr-NO3-p1-gasopt-all.out,[H],-529.8739090304687807,-2.1581316114259583,-0.5250610809313641,-1.6330705304796131
./gasopt-HBIL-structures/mp2-VQZ-mpyr/,mpyr-NO3-p1-gasopt-frag0.out,[H],-250.2767878488439806,-1.1440085131473821,-0.2563682980311059,-0.8876402151127104
./gasopt-HBIL-structures/mp2-VQZ-mpyr/,mpyr-NO3-p1-gasopt-frag1.out,[H],-279.5692405264788931,-1.0005723036516474,-0.2607243884498702,-0.7398479151997680
./gasopt-HBIL-structures/mp2-VQZ-mpyr/,mpyr-TFA-p1-gasopt-all.out,[H],-774.9092899305903757,-2.8113544428433634,-0.6898990076949645,-2.1214554351448913
./gasopt-HBIL-structures/mp2-VQZ-mpyr/,mpyr-TFA-p1-gasopt-frag0.out,[H],-250.2771647795880767,-1.1441695168128396,-0.2564474007172143,-0.8877221160921758
./gasopt-HBIL-structures/mp2-VQZ-mpyr/,mpyr-TFA-p1-gasopt-frag1.out,[H],-524.6078201660130844,-1.6520593460242654,-0.4251459368719237,-1.2269134091501690
./gasopt-HBIL-structures/mp2-VQZ-mim/,mim-CF3SO3-p1-gasopt-all.out,[H],-1223.0881052937902496,-3.0963632119718789,-0.7902730098903321,-2.3060902020715828
./gasopt-HBIL-structures/mp2-VQZ-mim/,mim-CF3SO3-p1-gasopt-frag0.out,[H],-264.3420014312350759,-1.1114289983927688,-0.2676183590486168,-0.8438106393429736
./gasopt-HBIL-structures/mp2-VQZ-mim/,mim-CF3SO3-p1-gasopt-frag1.out,[H],-958.6183109365044857,-1.9700390132069112,-0.5154137132885691,-1.4546252999180989
./gasopt-HBIL-structures/mp2-VQZ-mim/,mim-CF3SO3-p2-gasopt-all.out,[H],-1223.0937399477616054,-3.1036941786479471,-0.7937319042918756,-2.3099622743545192
./gasopt-HBIL-structures/mp2-VQZ-mim/,mim-CF3SO3-p2-gasopt-frag0.out,[H],-263.9530396331789461,-1.1243999537201077,-0.2756289616729148,-0.8487709920461606
./gasopt-HBIL-structures/mp2-VQZ-mim/,mim-CF3SO3-p2-gasopt-frag1.out,[H],-959.0945538687999488,-1.9700815887059309,-0.5122551935264966,-1.4578263951788164
./gasopt-HBIL-structures/mp2-VQZ-mim/,mim-Cl-p1-gasopt-all.out,[H],-724.0709439359711723,-1.3583123342770811,-0.3310253005211150,-1.0272870337516173
./gasopt-HBIL-structures/mp2-VQZ-mim/,mim-Cl-p1-gasopt-frag0.out,[H],-263.9528239370587244,-1.1244317288969121,-0.2755994818451233,-0.8488322470508654
./gasopt-HBIL-structures/mp2-VQZ-mim/,mim-Cl-p1-gasopt-frag1.out,[H],-460.1045652789394467,-0.2235357021704127,-0.0495628241708493,-0.1739728779995588
./gasopt-HBIL-structures/mp2-VQZ-mim/,mim-Cl-p2-gasopt-all.out,[H],-724.0516766002064060,-1.3520741194947090,-0.3285029065434911,-1.0235712129487189
./gasopt-HBIL-structures/mp2-VQZ-mim/,mim-Cl-p2-gasopt-frag0.out,[H],-264.3245210377483545,-1.1162413742084925,-0.2687641423651049,-0.8474772318388240
./gasopt-HBIL-structures/mp2-VQZ-mim/,mim-Cl-p2-gasopt-frag1.out,[H],-459.5728227942058766,-0.2209511063789757,-0.0525488551279925,-0.1684022512509832
./gasopt-HBIL-structures/mp2-VQZ-mim/,mim-mOSO3-p1-gasopt-all.out,[H],-1001.2689324779411209,-2.5634419138558062,-0.6424537210859411,-1.9209881927320551
./gasopt-HBIL-structures/mp2-VQZ-mim/,mim-mOSO3-p1-gasopt-frag0.out,[H],-264.3412254141302355,-1.1111810112492442,-0.2675429507920091,-0.8436380604558389
./gasopt-HBIL-structures/mp2-VQZ-mim/,mim-mSO3-p1-gasopt-frag0.out,[H],-263.9533026342887752,-1.1244526705543674,-0.2756255190674647,-0.8488271514859335
./gasopt-HBIL-structures/mp2-VQZ-mim/,mim-mOSO3-p1-gasopt-frag1.out,[H],-736.7932461454440727,-1.4343904213769028,-0.3662158176623812,-1.0681746037142206
./gasopt-HBIL-structures/mp2-VQZ-mim/,mim-mSO3-p1-gasopt-all.out,[H],-926.3995894160749458,-2.3095366423054582,-0.5757573229635365,-1.7337793193316091
./gasopt-HBIL-structures/mp2-VQZ-mim/,mim-mSO3-p1-gasopt-frag1.out,[H],-662.4168119001124069,-1.1757949685578630,-0.2947143461753423,-0.8810806223821314
./gasopt-HBIL-structures/mp2-VQZ-mim/,mim-mSO3-p2-gasopt-all.out,[H],-926.3832198605314261,-2.3119647690105212,-0.5767614348281753,-1.7352033341627848
./gasopt-HBIL-structures/mp2-VQZ-mim/,mim-mSO3-p2-gasopt-frag0.out,[H],-264.3322802074137030,-1.1121191602894542,-0.2677783429338405,-0.8443408173517943
./gasopt-HBIL-structures/mp2-VQZ-mim/,mim-mSO3-p2-gasopt-frag1.out,[H],-661.8965095609975151,-1.1811384437365740,-0.2996707659695444,-0.8814676777653815
./gasopt-HBIL-structures/mp2-VQZ-mim/,mim-NO3-p1-gasopt-all.out,[H],-543.5567987091494615,-2.1295419549538721,-0.5400880181859352,-1.5894539367632903
./gasopt-HBIL-structures/mp2-VQZ-mim/,mim-NO3-p1-gasopt-frag0.out,[H],-263.9525607286066133,-1.1245440653878203,-0.2756264130709468,-0.8489176523159607
./gasopt-HBIL-structures/mp2-VQZ-mim/,mim-NO3-p2-gasopt-all.out,[H],-543.5261739106042569,-2.1320919683329800,-0.5418687975018935,-1.5902231708256807
./gasopt-HBIL-structures/mp2-VQZ-mim/,mim-NO3-p1-gasopt-frag1.out,[H],-279.5754463979887419,-0.9990362326607821,-0.2602846389847009,-0.7387515936742003
./gasopt-HBIL-structures/mp2-VQZ-mim/,mim-NO3-p2-gasopt-frag0.out,[H],-264.3340683374419768,-1.1119567024814339,-0.2677407030844715,-0.8442159993935939
./gasopt-HBIL-structures/mp2-VQZ-mim/,mim-NO3-p2-gasopt-frag1.out,[H],-279.0515932281292635,-0.9965663480637712,-0.2631960110884384,-0.7333703369750846
./gasopt-HBIL-structures/mp2-VQZ-mim/,mim-TFA-p1-gasopt-all.out,[H],-788.5628990398106453,-2.7807763422289309,-0.7041226321292202,-2.0766537100942868
./gasopt-HBIL-structures/mp2-VQZ-mim/,mim-TFA-p2-gasopt-all.out,[H],-788.5516530176087144,-2.7857255901773224,-0.7058703814369571,-2.0798552087369533
./gasopt-HBIL-structures/mp2-VQZ-mim/,mim-TFA-p1-gasopt-frag1.out,[H],-524.0792538108901226,-1.6580996475844056,-0.4306269987135386,-1.2274726488698717
./gasopt-HBIL-structures/mp2-VQZ-mim/,mim-TFA-p1-gasopt-frag0.out,[H],-264.3354107144145928,-1.1132272793964755,-0.2680408011428866,-0.8451864782525376
./gasopt-HBIL-structures/mp2-VQZ-mim/,mim-TFA-p2-gasopt-frag1.out,[H],-524.0777408971209752,-1.6587250344394266,-0.4306366209925103,-1.2280884134457755
./gasopt-HBIL-structures/mp2-VQZ-mim/,mim-TFA-p2-gasopt-frag0.out,[H],-264.3342781404077755,-1.1132558857329919,-0.2681157894751716,-0.8451400962568687
./gasopt-HBIL-structures/mp2-VQZ-mim/,mim-TFA-p3-gasopt-frag0.out,[H],-264.3374502085212612,-1.1127279962190666,-0.2679336568579722,-0.8447943393598800
./gasopt-HBIL-structures/mp2-VQZ-mim/,mim-TFA-p3-gasopt-all.out,[H],-788.5304215691064655,-2.7887467634820919,-0.7070162537587141,-2.0817305097207197
./gasopt-HBIL-structures/mp2-VQZ-mim/,mim-TFA-p3-gasopt-frag1.out,[H],-524.0788280970531332,-1.6585620450900032,-0.4305992549923602,-1.2279627900968288
./gasopt-HBIL-structures/mp2-VQZ-TMEA/,TMEA-CF3SO3-p1-gasopt-all.out,[H],-1210.5628039039957002,-3.1568585835810867,-0.7741263831015597,-2.3827322004780953
./gasopt-HBIL-structures/mp2-VQZ-TMEA/,TMEA-Cl-p1-gasopt-frag0.out,[H],-251.8216840845477691,-1.1697877577910678,-0.2505990458343236,-0.9191887119537395
./gasopt-HBIL-structures/mp2-VQZ-TMEA/,TMEA-CF3SO3-p1-gasopt-frag0.out,[H],-251.8238119075458599,-1.1689709818371019,-0.2502944083154487,-0.9186765735195238
./gasopt-HBIL-structures/mp2-VQZ-TMEA/,TMEA-CF3SO3-p1-gasopt-frag1.out,[H],-958.6185233555263494,-1.9694704451699112,-0.5152990298049280,-1.4541714153638092
./gasopt-HBIL-structures/mp2-VQZ-TMEA/,TMEA-Cl-p1-gasopt-all.out,[H],-711.5357381096131348,-1.4096789560550860,-0.3120739889746686,-1.0976049670780257
./gasopt-HBIL-structures/mp2-VQZ-TMEA/,TMEA-Cl-p1-gasopt-frag1.out,[H],-459.5728227942039439,-0.2209511063789601,-0.0525488551279879,-0.1684022512509722
./gasopt-HBIL-structures/mp2-VQZ-TMEA/,TMEA-mOSO3-p1-gasopt-frag0.out,[H],-251.8228948086576224,-1.1690918627078282,-0.2503047408391800,-0.9187871218663287
./gasopt-HBIL-structures/mp2-VQZ-TMEA/,TMEA-mOSO3-p1-gasopt-all.out,[H],-988.7482796440887114,-2.6193983186959411,-0.6246042206238859,-1.9947940980618515
./gasopt-HBIL-structures/mp2-VQZ-TMEA/,TMEA-mOSO3-p1-gasopt-frag1.out,[H],-736.7959526588496146,-1.4313815595120680,-0.3653748885975726,-1.0660066709142058
./gasopt-HBIL-structures/mp2-VQZ-TMEA/,TMEA-mSO3-p1-gasopt-frag0.out,[H],-251.8230379257624350,-1.1691436445381911,-0.2503345881010526,-0.9188090564349103
./gasopt-HBIL-structures/mp2-VQZ-TMEA/,TMEA-NO3-p1-gasopt-all.out,[H],-531.0073378685068519,-2.1827970408773796,-0.5217072499152008,-1.6610897909574058
./gasopt-HBIL-structures/mp2-VQZ-TMEA/,TMEA-mSO3-p1-gasopt-frag1.out,[H],-661.8973493199117684,-1.1806820518808594,-0.2995358572160076,-0.8811461946632704
./gasopt-HBIL-structures/mp2-VQZ-TMEA/,TMEA-NO3-p1-gasopt-frag0.out,[H],-251.8232726280311908,-1.1693480219135641,-0.2504731140844164,-0.9188749078274487
./gasopt-HBIL-structures/mp2-VQZ-TMEA/,TMEA-mSO3-p1-gasopt-all.out,[H],-913.8573004692126460,-2.3679970364040326,-0.5586167399826115,-1.8093802964199281
./gasopt-HBIL-structures/mp2-VQZ-TMEA/,TMEA-NO3-p1-gasopt-frag1.out,[H],-279.0517815777288888,-0.9958552776042403,-0.2629892451794915,-0.7328660324245736
./gasopt-HBIL-structures/mp2-VQZ-TMEA/,TMEA-TFA-p1-gasopt-all.out,[H],-776.0373933708076493,-2.8442298825043379,-0.6893528834523017,-2.1548769990485219
./gasopt-HBIL-structures/mp2-VQZ-TMEA/,TMEA-TFA-p1-gasopt-frag0.out,[H],-251.8219630024626667,-1.1696392790550745,-0.2505666002757126,-0.9190726787762156
./gasopt-HBIL-structures/mp2-VQZ-TMEA/,TMEA-TFA-p1-gasopt-frag1.out,[H],-524.0796455920547032,-1.6582918436403744,-0.4306574158021220,-1.2276344278365912
